id,kanji,reading,english,type,emoji,maxHp,meaning,syn1_word,syn1_reading,syn2_word,syn2_reading,c1_source,c1_text,c2_source,c2_text,c3_source,c3_text,quiz_q,quiz_a1,quiz_a2,quiz_a3,quiz_a4,quiz_correct,variants,story,story_q,story_a1,story_a2,story_a3,story_a4,story_correct,yomi_text,yomi_q1,yomi_q1_a1,yomi_q1_a2,yomi_q1_a3,yomi_q1_a4,yomi_q1_correct,yomi_q2,yomi_q2_a1,yomi_q2_a2,yomi_q2_a3,yomi_q2_a4,yomi_q2_correct
w7,心当たり,こころあたり,clue/idea,abstract,🔍,10,こうかもしれないという、なんとなくの見当(けんとう),目星,めぼし,見込み,みこみ,🏠 日常会話,「だれが食べたか<WORD>はある？」とお母さんが聞いた。,📰 ニュース風,警察(けいさつ)は事件の犯人について<WORD>があると発表した。,⚡ SW世界,ヨーダは帝国の基地の場所に<WORD>があると言って、仲間を導(みちび)いた。,「心当たり」の意味に一番近いのはどれ？,しっかり確認したこと,なんとなく思い当たること,完全にあきらめること,まったく知らないこと,2,,算数のノートが見つからなくて、[プレイヤー名]はあちこち探していた。「だれかに貸したのかも」とふと思い、<WORD:心当たり>のある友達に聞いてみた。「あ、先週借りたまま返してなかった！」と言われて、あっという間に解決。まずは<WORD>をたどって聞いてみることが大事だと感じた。,なぜ[プレイヤー名]はすぐに問題を解決できましたか？,力ずくで探したから,心当たりのある人に聞いたから,先生に相談したから,あきらめたから,1,図書室で借りた本が見当たらない。返した記憶はないけれど、どこかに置いてきてしまったかもしれない。「あの場所かな」と思い当たる場所が二、三か所あったので、順番に探してみることにした。,「思い当たる場所が二、三か所あった」とはどういう意味ですか？,誰かが本を隠した場所を知っていた,本がある場所を地図で確認した,実際に本を置いた場所を正確に覚えていた,ここかもしれないと考えられる場所がいくつか頭に浮かんだ,4,このとき「私」の状態を表す言葉として最もふさわしいのはどれですか？,自信がある,心当たりがある,思いがけない,見覚えがある,2
w8,重視,じゅうし,importance,abstract,⚖️,10,あるものを大切だと考えて、特に注目すること,重んじる,おもんじる,強調,きょうちょう,🏠 日常会話,うちの学校は勉強だけでなく、あいさつも<WORD>している。,📰 ニュース風,この会社は社員の健康を<WORD>して、残業を減らす取り組みをしている。,🌟 ハリポタ世界,ダンブルドアは魔法の強さよりも、人の心の強さを<WORD>していた。,「重視」の意味に一番近いのはどれ？,じっくり時間をかけること,軽く流して忘れること,無視して通り過ぎること,大切だと考えて注目すること,4,,[プレイヤー名]のクラスでは、あいさつをとても<WORD>していた。先生は「勉強も大事だけど、人と気持ちよく過ごすことはもっと大事」とよく言っていた。ある日、転校生がやってきた。[プレイヤー名]は真っ先に声をかけた。先生が<WORD>していることを、自分でもやってみたかったからだ。,[プレイヤー名]が転校生に声をかけた理由は？,先生に言われたから,自分もあいさつを大切にしたかったから,転校生が有名人だったから,友達に頼まれたから,1,新しく来た校長先生は、勉強だけでなくあいさつや礼儀をとても大切にしていた。集会でも「人との関わりを何より大切に」と繰り返し話していた。,この校長先生が特に大切にしていることは何ですか？,人との関わりやあいさつ・礼儀,スポーツで優勝すること,学校のルールを守ること,勉強の成績を上げること,1,この校長先生の姿勢を表す言葉として最もふさわしいのはどれですか？,重視している,軽視している,後回しにしている,無視している,1
w9,耐える,たえる,endure,abstract,🪨,10,つらいことや苦しいことをがまんして乗り越えること,ふんばる,ふんばる,こらえる,こらえる,🏠 日常会話,歯医者の治療はいたかったけど、ぐっと<WORD>た。,📰 ニュース風,選手たちは極寒(ごっかん)のトレーニングに<WORD>、大会で優勝した。,⚡ SW世界,ルークは暗黒面の誘惑(ゆうわく)に<WORD>、ジェダイとして生き残った。,「耐える」の意味に一番近いのはどれ？,急いで逃げ出すこと,楽しんで取り組むこと,つらいことをがまんして乗り越えること,すぐにあきらめること,3,耐,剣道の練習はとてもきつかった。夏の道場は暑く、防具をつけると汗がどっと出た。それでも[プレイヤー名]は<WORD:耐えて>続けた。「つらいのは自分だけじゃない」と思うと不思議と力が出た。大会の日、竹刀を構えながら思った。あの練習を<WORD:耐え>たから、今ここに立てているのだと。,[プレイヤー名]が練習を続けられた理由は何ですか？,先生がほめてくれたから,つらいのは自分だけじゃないと思えたから,練習が楽しかったから,友達が助けてくれたから,1,夏の剣道の合宿は過酷だった。暑さと疲れで何度もくじけそうになったが、[プレイヤー名]はあきらめずに最後まで稽古を続けた。終わった時、達成感で胸がいっぱいだった。,[プレイヤー名]がくじけそうになりながらも続けた理由として最もふさわしいのはどれですか？,友達に見られていたから,あきらめずにやり抜こうという気持ちがあったから,合宿が楽しかったから,先生に怒られるのが嫌だったから,2,このときの[プレイヤー名]の行動を表す言葉として最もふさわしいのはどれですか？,逃げ出した,あきらめた,休んだ,耐えた,4
w10,妬む,ねたむ,envy,abstract,💚,10,他の人がうまくいっているのを見て、くやしくいやな気持ちになること,嫉妬,しっと,ひがむ,ひがむ,🏠 日常会話,友達がほめられているのを見て、少し<WORD>気持ちになってしまった。,📰 ニュース風,成功した人を<WORD>のではなく、自分も努力しようと専門家は呼びかけた。,🌟 ハリポタ世界,ロンはハリーの有名さを<WORD>こともあったが、本当の友情で乗り越えた。,「妬む」の意味に一番近いのはどれ？,相手を心から応援すること,相手に感謝すること,相手のことがうらやましくいやになること,相手をほめたたえること,3,妬,クラスの山田くんはいつもテストでいい点を取っていた。最初、[プレイヤー名]は少し<WORD:妬んで>いた。でもある日、山田くんが放課後も一人で勉強しているのを見た。「すごいな」と素直に思えた瞬間、<WORD:妬む>気持ちがすっと消えた。がんばっている人を見て、自分もがんばろうと思えるようになった。,[プレイヤー名]の気持ちはどのように変わりましたか？,もっと妬むようになった,山田くんが嫌いになった,妬む気持ちが消えてがんばろうと思えた,山田くんに勝ちたくなった,2,クラスで発表コンテストがあり、田中さんがいちばんの賞をもらった。その瞬間、隣の席の子はにっこり笑っていたが、心の中ではじりじりとした気持ちがこみ上げていた。,「じりじりとした気持ち」はどんな気持ちだと考えられますか？,何も感じていない,田中さんが心配な気持ち,田中さんがうらやましくていやな気持ち,田中さんを心から喜ぶ気持ち,3,この「隣の席の子」の気持ちを表す言葉として最もふさわしいのはどれですか？,応援する,祝う,尊敬する,妬む,4
w11,比較,ひかく,comparison,abstract,🔄,10,二つ以上のものをくらべて、ちがいや共通点を見つけること,対比,たいひ,照合,しょうごう,🏠 日常会話,AとBのランドセルを<WORD>して、どちらがいいか考えた。,📰 ニュース風,研究者たちは去年と今年のデータを<WORD>して、気温の変化を調べた。,🌟 ハリポタ世界,ハーミオーネは二つの魔法薬のレシピを<WORD>して、まちがいを見つけた。,「比較」の意味に一番近いのはどれ？,ものを全部集めること,一つのものをじっくり観察すること,二つ以上のものをくらべること,物事を順番に並べること,3,,[プレイヤー名]は新しいランドセルを選ぶ日、二つを並べて<WORD>した。色、重さ、ポケットの数。一つひとつ<WORD>してみると、どちらがいいかだんだん分かってきた。「<WORD>って大事だね」とお母さんが言った。「一つだけ見ていたら気づかなかったことが、並べると見えてくる」。,比較することのよさは何ですか？,値段が安くなる,並べることで気づかなかったことが見えてくる,早く決められる,どちらも買えるようになる,1,妹は「どっちのケーキがおいしい？」と二つを並べて食べ比べた。一方はチョコレート、もう一方はチーズケーキ。少し考えてから「チョコのほうが好き」と答えた。,妹はどうやって好きなケーキを決めましたか？,二つを並べて食べ比べて違いを確かめた,友達に聞いて決めた,値段が安い方を選んだ,見た目だけで決めた,1,この妹のしたことを表す言葉として最もふさわしいのはどれですか？,比較,無視,無関心,あきらめ,1
w12,不愉快,ふゆかい,unpleasant,abstract,😤,10,いやな気分で、気持ちよくない状態(じょうたい),うっとうしい,うっとうしい,不快,ふかい,🏠 日常会話,急に雨に降られて、ずぶ濡れになり<WORD>な気分になった。,📰 ニュース風,電車の中でのマナー違反は、周りの人を<WORD>にさせると注意喚起(かんき)された。,⚡ SW世界,ハン・ソロはジャバ・ザ・ハットに追われ続ける毎日が<WORD>でたまらなかった。,「不愉快」の意味に一番近いのはどれ？,ほっとして安心な状態,なんとも思わない状態,いやで気持ちよくない状態,とても楽しい気分,3,,バスの中で大きな声で電話している人がいた。周りの人たちは<WORD>そうな顔をしていた。[プレイヤー名]もなんとなく落ち着かない気分になった。「音って、知らないうちに人を<WORD>にさせることがあるんだな」と思った。家に帰って、自分も気をつけようとそっと心に決めた。,[プレイヤー名]はバスの中で何を感じましたか？,電話が聞けてよかった,音が人を不愉快にさせることがあると気づいた,電話の人がかっこいいと思った,バスが混んでいて怒った,1,電車の中で大きな声で電話している人がいた。周りの乗客たちは眉をひそめ、席を離れる人もいた。その場の雰囲気が重くなった。,乗客たちが眉をひそめたのはなぜですか？,電車が遅れていたから,大きな声の電話がその場にいる人たちを不快にさせたから,外の景色が気になったから,車内が混んでいたから,2,この乗客たちの気持ちを表す言葉として最もふさわしいのはどれですか？,爽快,安心,不愉快,感動,3
w13,誇り,ほこり,pride,abstract,🏅,10,自分やなかまのことをすばらしいと思う、誇らしい気持ち,プライド,ぷらいど,面目,めんぼく,🏠 日常会話,はじめて一人で料理を作れた時、<WORD>を感じた。,📰 ニュース風,オリンピックで金メダルを取った選手は「国の<WORD>を背負って戦った」と語った。,🌟 ハリポタ世界,グリフィンドールの生徒たちは自分たちの寮への<WORD>をもって試合に挑(いど)んだ。,「誇り」の意味に一番近いのはどれ？,不満でいっぱいな気持ち,恥ずかしくて隠したい気持ち,自分やなかまをすばらしいと思う気持ち,何もしたくない気持ち,3,,運動会で[プレイヤー名]のクラスは全員リレーに出た。最後のバトンを受け取った[プレイヤー名]は、転びそうになりながらもゴールした。順位は二位だったけれど、クラス全員で走りきった<WORD>があった。「負けても、みんなでやりきった<WORD>って本物だね」と担任の先生が言った。,クラスのみんなはなぜ誇りを感じましたか？,一位になったから,全員でやりきったから,ずるをして勝ったから,先生にほめられたから,1,運動会のリレーで、クラス全員が力を合わせてゴールした。順位は二位だったが、みんなで最後まで走り抜いたことに、じんとくるものがあった。,クラスのみんなが「じんとくるもの」を感じたのはなぜですか？,先生にほめられたから,一位になれたから,来年また出られるから,全員で力を合わせてやり抜いたから,4,このときクラスのみんなが感じたものを表す言葉として最もふさわしいのはどれですか？,焦り,誇り,後悔,退屈,2
w14,潔い,いさぎよい,graceful/clean,abstract,🌿,10,ミスや負けをすっきり認めて、引きずらない様子,淡々,たんたん,割り切る,わりきる,🏠 日常会話,勝負に負けた時、<WORD>あきらめてにっこり笑った。,📰 ニュース風,その監督は試合後、自分の作戦ミスを<WORD>認めて頭を下げた。,⚡ SW世界,オビ＝ワンは弟子との戦いで命を落とす時、<WORD>剣を下ろした。,「潔い」の意味に一番近いのはどれ？,なかなかあきらめない様子,すっきり認めて引きずらない様子,こっそり逃げ出す様子,ずっとくよくよ悩む様子,2,潔,将棋の大会で[プレイヤー名]は準決勝で負けた。悔しかったけれど、相手に「強かったよ」と声をかけた。見ていたお父さんが「<WORD:潔い>な」と言った。「負けを引きずらないのが一番かっこいい」と。<WORD>態度は、勝った時よりも人の心に残ることがある。[プレイヤー名]はその言葉をずっと覚えていた。,潔い態度とはどういう意味ですか？,負けを認めず反論すること,負けをすっきり認めて引きずらないこと,勝った人を無視すること,わざと負けること,1,将棋の試合で負けた後、相手に「強かったよ」と声をかけ、深々と頭を下げた。悔しさをにじませながらも、その姿はすっきりとしていた。,負けた後に相手に声をかけてお辞儀したことから、この人物についてわかることは何ですか？,負けを引きずらずきちんと認めることができる,先生に言われたからそうした,相手が好きだった,勝ちたかったという気持ちがなかった,1,この人物の態度を表す言葉として最もふさわしいのはどれですか？,潔い,強引,だらしない,冷たい,1
w15,偉大,いだい,great,abstract,🌟,10,ずば抜けてすぐれていて、多くの人に認められるほどすごい様子,立派,りっぱ,堂々たる,どうどうたる,🏠 日常会話,おじいちゃんは<WORD>な人で、村のみんなに尊敬されていた。,📰 ニュース風,その科学者は<WORD>な発見をして、世界中から賞を受け取った。,🌟 ハリポタ世界,ダンブルドアは魔法界で最も<WORD>な魔法使いとして知られていた。,「偉大」の意味に一番近いのはどれ？,ずば抜けてすぐれてすごい様子,失敗ばかりしている様子,ひっそりと目立たない様子,少しだけ得意なこと,1,,ダンブルドアは<WORD>な魔法使いとして知られていたが、ハリーに対してはいつも静かに話した。「力があっても、おごってはいけない」と言う姿を見て、ハリーは本当の<WORD>さとは何かを考えた。大きな声でなく、小さな言葉の中に、本当に<WORD>な人の重さがあった。,ハリーはダンブルドアのどんなところから「偉大さ」を感じましたか？,大きな魔法を使うところ,静かに話し、おごらない姿勢,有名なところ,大声で命令するところ,1,ある魔法使いは派手な力を持ちながら、決してそれをひけらかさなかった。困っている人の前でだけ、静かに力を使った。その姿に、多くの人が深く頭を下げた。,多くの人が深く頭を下げたのはなぜですか？,魔法使いに頼んでいたから,決まりだったから,力があるのに自慢せず、必要な時だけ静かに使う姿に感銘を受けたから,魔法使いが怖かったから,3,この魔法使いの人柄を表す言葉として最もふさわしいのはどれですか？,偉大,弱小,滑稽,傲慢,1
w16,うかつ,うかつ,careless,abstract,🤦,10,注意が足りなくて、ミスをしてしまう様子,軽はずみ,かるはずみ,向こう見ず,むこうみず,🏠 日常会話,<WORD>にも、大事なプリントを学校に忘れてきてしまった。,📰 ニュース風,<WORD>な発言をした議員が、後になって謝罪(しゃざい)することになった。,🌟 ハリポタ世界,ロンは<WORD>にも魔法の呪文(じゅもん)を声に出してしまい、敵に気づかれた。,「うかつ」の意味に一番近いのはどれ？,ゆっくり丁寧にする様子,注意が足りなくてミスする様子,わざと失敗する様子,とても注意深い様子,2,,[プレイヤー名]は遠足の日、水筒を家に忘れてきた。「<WORD>だったな」と反省した。前の日にランドセルを確認すればよかったのに、面倒くさくてやめてしまったのだ。<WORD>なミスは、たいていちょっとした確認で防げる。その日から[プレイヤー名]は、準備を前日にする習慣をつけた。,うかつなミスを防ぐために[プレイヤー名]がしたことは？,遠足をやめた,前日に準備を確認する習慣をつけた,お母さんに全部やってもらった,気にしないことにした,1,大事な発表会の当日、楽器を家に忘れてきてしまった。前日に確認しようと思っていたのに、ゲームに熱中してすっかり忘れていた。,楽器を忘れた原因は何ですか？,楽器が壊れていたから,前日に確認しなかったから,発表会の日程を間違えたから,先生に言われなかったから,2,このときの自分の行動を振り返ってどう表せますか？,大胆だった,うかつだった,完璧だった,慎重だった,2
w17,促す,うながす,urge/prompt,abstract,👉,10,相手が行動するように、やさしく背中を押すこと,推進,すいしん,いざなう,いざなう,🏠 日常会話,先生は手を挙げるよう、目で生徒を<WORD>た。,📰 ニュース風,市は住民に節電(せつでん)を<WORD>チラシを各家庭に配った。,🌟 ハリポタ世界,ダンブルドアはハリーが自分で答えを見つけられるよう、そっと<WORD>た。,「促す」の意味に一番近いのはどれ？,相手を強く叱ること,相手を無理やり引っ張ること,相手が行動するよう背中を押すこと,相手を置いて先に進むこと,3,促,授業中、なかなか手を挙げられない子がいた。先生はその子の目を見て、小さくうなずいた。言葉ではなく、目で<WORD:促した>のだ。その子はそっと手を挙げ、自分の考えを話した。<WORD>ことは、押しつけではなく、相手が自分で一歩踏み出せるように背中を押すことだと、[プレイヤー名]は思った。,先生が目でうなずいたのはなぜですか？,授業が退屈だったから,その子が自分で手を挙げられるよう促したかったから,ほかの子に合図したかったから,先生のくせだから,1,授業中、なかなか手を挙げられずにいる子に、先生は目で合図をした。言葉ではなく、そっと背中を押すような視線だった。その子はおそるおそる手を挙げた。,先生が目で合図をしたのはどんな意図からですか？,授業を終わらせたかったから,他の子に気づかせるため,その子が自分から手を挙げられるように背中を押したかったから,怒っていることを伝えるため,3,先生のこの行動を表す言葉として最もふさわしいのはどれですか？,無視した,命令した,促した,禁止した,3
w18,うぬぼれる,うぬぼれる,conceited,abstract,🦚,10,自分のことを実際よりずっとすごいと思い込んでいる様子,思いあがる,おもいあがる,ひけらかす,ひけらかす,🏠 日常会話,一回テストでいい点を取ったからって<WORD>ないで、と姉に言われた。,📰 ニュース風,人気が出た途端(とたん)に<WORD>て態度が変わる人は、すぐに信頼(しんらい)を失う。,⚡ SW世界,若き日のアナキンは自分の強さに<WORD>て、師の言葉に耳をかさなかった。,「うぬぼれる」の意味に一番近いのはどれ？,自分がすごいと思い込むこと,謙虚に努力し続けること,他の人をうらやましく思うこと,自分のことを実際より低く見ること,1,うぬぼれ,[プレイヤー名]は作文コンクールで賞をもらった。最初は素直にうれしかったが、次の日から「自分は文章が上手い」と思い始め、友達の作文を心の中でバカにしてしまった。でも次のコンクールでは落選した。<WORD:うぬぼれて>いたせいで練習をさぼっていたのだ。あの時の自分が恥ずかしかった。,[プレイヤー名]が次のコンクールで落選した本当の理由は？,作文が苦手だったから,うぬぼれて練習をさぼったから,テーマが難しかったから,友達に邪魔されたから,1,作文コンクールで賞をもらって以来、自分の文章が一番だと思い始め、友達の作文をこっそり笑うようになった。しかし次の大会では、努力を怠ったために結果が出なかった。,次の大会で結果が出なかった本当の理由は何ですか？,審査が不公平だったから,友達に邪魔されたから,賞をもらって以来、努力を怠るようになったから,テーマが難しかったから,3,このときの自分の態度を表す言葉として最もふさわしいのはどれですか？,慎重だった,謙虚だった,熱心だった,うぬぼれていた,4
w19,大らか,おおらか,easygoing,abstract,☁️,10,細かいことを気にせず、ゆったりとして広い心の様子,おうよう,おうよう,おっとり,おっとり,🏠 日常会話,うちのお母さんは<WORD>な性格で、少しくらい散らかっていても怒らない。,📰 ニュース風,その監督は選手のミスにも<WORD>に構えて、チームの雰囲気(ふんいき)をよくした。,🌟 ハリポタ世界,ハグリッドは危険な生き物を前にしても<WORD>で、ハリーたちをほっとさせた。,「大らか」の意味に一番近いのはどれ？,いつもそわそわ落ち着かない様子,細かいことを気にせず広い心の様子,細かいことにいつもこだわる様子,すぐに怒り出す様子,2,,ハグリッドはドラゴンの赤ちゃんを手に入れて大喜びだった。危険だとわかっていても、<WORD>に「大丈夫じゃ」と言う。ハリーたちはひやひやしたけれど、ハグリッドの<WORD>な笑顔を見ていると、なんだか安心した。細かいことを気にしない人のそばにいると、自分までゆったりした気持ちになれる。,ハグリッドの大らかさがハリーたちに与えた影響は？,怖くなった,なんだか安心してゆったりした気持ちになった,怒りたくなった,眠くなった,1,小さな失敗でも笑い飛ばせる人がそばにいると、場の空気がやわらかくなる。細かいことをいちいち気にしないその人の存在が、みんなをほっとさせていた。,その人がそばにいるとみんながほっとするのはなぜですか？,細かいことを気にせずおおらかな雰囲気がみんなをやわらげるから,その人がリーダーだから,静かにしてくれるから,その人が全部解決してくれるから,1,この人の性格を表す言葉として最もふさわしいのはどれですか？,内向的,頑固,神経質,大らか,4
w20,気まま,きまま,self-indulgent,abstract,🦋,10,自分の好きなようにふるまい、あまり周りを気にしない様子,気まぐれ,きまぐれ,気楽,きらく,🏠 日常会話,猫はいつも<WORD>で、呼んでも来ないことがある。,📰 ニュース風,<WORD>な一人旅で、行き先も決めずに電車に乗った旅人の話が話題になった。,⚡ SW世界,ハン・ソロは組織に縛られず<WORD>に宇宙を飛び回るのが好きだった。,「気まま」の意味に一番近いのはどれ？,いつも誰かに合わせる様子,自分の好きなように周りを気にしない様子,ルールをきっちり守る様子,まじめに計画を立てる様子,2,,ハン・ソロは計画を立てるのが苦手だった。<WORD>に宇宙を飛び回り、その場の勘で動く。レイアはそんなハン・ソロに「もう少し考えて！」と言うことがあった。でも<WORD>さが時に奇跡を生んだ。誰も思いつかないルートで帝国軍をかわしたのも、計画ではなく、<WORD>な直感からだった。,ハン・ソロの気ままさがよい結果を生んだのはなぜですか？,運がよかっただけ,計画通りに動いたから,誰も思いつかない直感的な行動ができたから,レイアが助けてくれたから,2,彼は計画を立てずに旅に出て、気の向くままに道を選んだ。予定外の場所で思わぬ出会いがあり、それが旅の最大の思い出になった。,この人の旅の仕方の特徴は何ですか？,決まった予定を持たず気の向くまま行動している,危険を避けている,人の言う通りに動いている,しっかりした計画のもとで行動している,1,この人の旅のスタイルを表す言葉として最もふさわしいのはどれですか？,几帳面,気まま,堅実,慎重,2
w21,柔軟,じゅうなん,flexible,abstract,🌊,10,状況(じょうきょう)に合わせて考えや行動をうまく変えられること,融通が利く,ゆうずうがきく,しなやか,しなやか,🏠 日常会話,雨が降ったから予定を変えよう、と<WORD>に対応した。,📰 ニュース風,その企業は<WORD>な働き方を導入して、社員の満足度が上がった。,🌟 ハリポタ世界,ハーミオーネは予期せぬ事態にも<WORD>に魔法を使い分けて切り抜けた。,「柔軟」の意味に一番近いのはどれ？,状況に合わせてうまく変えられること,一度決めたことを絶対変えない様子,いつも同じことを繰り返す様子,固くて動かない様子,1,,遠足の日、急に雨が降り出した。先生は「じゃあ場所を変えよう」とすぐに決めた。文句を言う子もいたが、先生の<WORD>な判断のおかげで、みんな屋根のある公園で楽しく遊べた。「予定通りにならなくても、<WORD>に考えれば大丈夫」と先生は笑った。その言葉が[プレイヤー名]の心に残った。,先生の柔軟な判断はどんな結果をもたらしましたか？,遠足が中止になった,みんながずぶ濡れになった,場所を変えてみんな楽しく遊べた,先生が怒られた,2,遠足の当日、急に雨が降り始めた。先生はすぐに行き先を変更し、近くの屋内施設へ案内した。文句を言う子もいたが、結果的にみんな楽しめた。,先生がすぐに行き先を変えたことから、どんなことがわかりますか？,あらかじめ準備していたから,先生が怒っていたから,状況に合わせてすぐに対応を変えられる人だとわかる,先生がその場所を嫌いだったから,3,この先生の対応を表す言葉として最もふさわしいのはどれですか？,無計画,柔軟,慌てた,頑固,2
w22,償う,つぐなう,atone,abstract,🙏,10,自分がしてしまった悪いことや失敗の責任を取り、取り返そうとすること,埋め合わせ,うめあわせ,あがなう,あがなう,🏠 日常会話,友達のものを壊してしまったので、新しいものを買って<WORD>た。,📰 ニュース風,その会社は不正行為(ふせいこうい)を<WORD>ために、多額の寄付を行った。,🌟 ハリポタ世界,スネイプは過去の過ちを<WORD>ために、ずっとハリーを陰から守り続けた。,「償う」の意味に一番近いのはどれ？,悪いことの責任を取り取り返すこと,相手に全部押し付けること,失敗をすぐに忘れること,ひたすら言い訳をすること,1,償,[プレイヤー名]は友達の消しゴムを誤って壊してしまった。ごめんと謝るだけでなく、お小遣いで新しいものを買って渡した。「<WORD:償わ>なくていいよ」と友達は言ったが、[プレイヤー名]は「そうしたかった」と答えた。ミスをしたら謝るだけでなく、できる形で<WORD>うことが、本当の誠実さだと思ったから。,[プレイヤー名]が新しい消しゴムを買って渡した理由は？,友達に言われたから,誠実さを示すために自分からそうしたかったから,お小遣いが余っていたから,先生に怒られたから,1,友達のものを誤って壊してしまった。謝るだけでなく、自分のお小遣いで同じものを買って渡した。「お金の問題じゃない」と友達は言ったが、そうしないと気が済まなかった。,お金を出して同じものを渡したのはなぜですか？,壊したものが高かったから,友達に言われたから,謝るだけでなく行動で責任をとりたかったから,先生に怒られたから,3,この行動を表す言葉として最もふさわしいのはどれですか？,償った,責任逃れした,あきらめた,自慢した,1
w23,省く,はぶく,omit,abstract,✂️,10,必要でない部分を取り除いて、短くしたりかんたんにしたりすること,省略,しょうりゃく,略す,りゃくす,🏠 日常会話,長い説明を<WORD>て、大事なところだけ話した。,📰 ニュース風,新しい手順書では無駄なステップを<WORD>て、作業時間を半分にした。,🌟 ハリポタ世界,ハーミオーネは呪文の余分な動作を<WORD>て、より速く魔法を使えるようにした。,「省く」の意味に一番近いのはどれ？,不要な部分を取り除くこと,全部を最初からやり直すこと,順番を入れ替えること,大切なものを付け加えること,1,省,料理を教えてもらった日、レシピには細かい手順がたくさん書いてあった。お母さんは「慣れたらここは<WORD:省いて>いいよ」と何か所か教えてくれた。大事な手順と<WORD:省ける>手順を見分けることが、上手くなるコツだと知った。何でも丁寧にやることと、うまく<WORD>くことは、両方大事だと思った。,お母さんが「省いていい」と教えてくれた理由は？,めんどくさかったから,大事な手順とそうでない手順を見分けることが上達のコツだから,時間がなかったから,[プレイヤー名]が怠けていたから,1,レシピには細かい手順がたくさんあったが、母は「ここは毎回やらなくていいよ」と何か所かを指さした。どこを省いていいかがわかると、料理がずっとスムーズになった。,省いていい手順がわかると料理がスムーズになったのはなぜですか？,料理が簡単になったから,本当に必要な手順に集中できるようになったから,時間が増えたから,食材が少なくなったから,2,この「いくつかの手順をやらないようにする」行為を表す言葉として最もふさわしいのはどれですか？,加える,確かめる,省く,繰り返す,3
w24,ふてくされる,ふてくされる,sulk,abstract,😒,10,思い通りにならなくて、やる気をなくして投げやりな態度をとること,すねる,すねる,投げやり,なげやり,🏠 日常会話,ゲームに負けたら弟が<WORD>て、部屋にこもってしまった。,📰 ニュース風,試合に使ってもらえなかった選手が<WORD>て練習をさぼり、コーチに叱られた。,⚡ SW世界,アナキンは評議会に認めてもらえないと<WORD>て、一人で行動するようになった。,「ふてくされる」の意味に一番近いのはどれ？,うれしくてはしゃぐ様子,思い通りにならず投げやりになること,静かに自分を反省すること,明るく気持ちを切り替えること,2,ふてくされ,弟がゲームで負けて<WORD:ふてくされ>、部屋にこもってしまった。[プレイヤー名]はドア越しに「一回負けただけだよ」と声をかけたが、返事がなかった。しばらくして弟が出てきた。「もう一回やる」と言った。<WORD:ふてくされて>いた時間も、実は気持ちを整理していたのかもしれないと、[プレイヤー名]は思った。,[プレイヤー名]が弟の行動について最後に思ったことは？,ふてくされるのはよくないことだ,ふてくされていた時間も気持ちの整理だったかもしれない,弟は意地悪だ,もうゲームをさせないほうがいい,1,試合に負けてから、ずっと部屋にこもって返事もしなかった。夕食の時間になっても出てこず、声をかけても黙ったままだった。,この子が部屋にこもって返事もしなかった理由として最もふさわしいのはどれですか？,勉強に集中していたから,声が聞こえなかったから,疲れて眠っていたから,悔しさや不満を態度に出してすねていたから,4,この子の行動を表す言葉として最もふさわしいのはどれですか？,ふてくされている,楽しんでいる,努力している,集中している,1
w25,もったいぶる,もったいぶる,to be deliberately vague/secretive,abstract,🎭,10,わざとじらすように、ゆっくりもったいをつけて話したり行動したりすること,じらす,じらす,勿体をつける,もったいをつける,🏠 日常会話,先生は答えを教えてくれるのかと思ったら、「明日のお楽しみ」と<WORD>った。,📰 ニュース風,社長はプレゼン前に「とんでもない発表がある」と<WORD>って、記者たちをじらした。,⚡ SW世界,ヨーダはルークに修行の意味をすぐ教えず、わざと<WORD>って考えさせた。,「もったいぶる」の意味に一番近いのはどれ？,わざとじらしてゆっくり話すこと,すぐに正直に話すこと,しっかり準備してから話すこと,大げさに怒ること,1,もったいぶ,フィニアスはガレージで何か作っていた。「何作ってるの？」とキャンディスが聞くと、「まあ見てなよ」と<WORD:もったいぶって>答えた。「教えてよ！」と迫っても「お楽しみ」の一点張り。完成品が庭に現れた時、キャンディスは思わず「なんでもっと早く言わないの！」と叫んだ。でも内心、あのじらし方がおもしろかったと思っていた。,フィニアスが答えを教えなかった理由は？,本当に知らなかったから,わざともったいぶってじらしていたから,怒っていたから,忘れていたから,1,「大事な発表があります」と言っておきながら、先生はなかなか本題を話さなかった。「まあ、明日のお楽しみということで」と言って授業を終えた。クラス中がざわざわした。,先生が「明日のお楽しみ」と言って話を終えたのはなぜだと考えられますか？,授業時間が足りなかったから,わざとじらして期待感を高めようとしたから,秘密を守るように言われていたから,忘れてしまったから,2,この先生の話し方を表す言葉として最もふさわしいのはどれですか？,正直に話している,急いでいる,もったいぶっている,あわてている,3
w26,勇敢,ゆうかん,brave/courageous,abstract,🦁,10,危険や困難を前にしても、恐れずに立ち向かうこと,勇ましい,いさましい,果敢,かかん,🏠 日常会話,クラスでいじめを見かけた時、<WORD>に「やめて」と言える人はなかなかいない。,📰 ニュース風,消防士たちは<WORD>に燃え盛るビルに飛び込み、取り残された人を救い出した。,🌟 ハリポタ世界,ネビルはみんなが黙っている中で<WORD>に立ち上がり、ヴォルデモートに立ち向かった。,「勇敢」の意味として正しいのは？,仲間に頼って助けてもらうこと,恐れずに困難に立ち向かうこと,強い力で相手を倒すこと,慎重に危険を避けること,2,,ネビル・ロングボトムはグリフィンドールの中でも目立たない存在だった。でも魔法省の戦いで、彼は震えながらも死喰い人の前に立ちはだかった。「怖くなかったの？」とハーマイオニーが聞くと、「めちゃくちゃ怖かった」と彼は笑った。「でも、やらなきゃいけないと思った」。<WORD>さとは怖くないことじゃなく、怖くても動けることだとハーマイオニーは思った。,ネビルの言葉から分かる「勇敢さ」の意味は？,怖いと感じないこと,怖くても行動できること,体が強いこと,魔法が上手なこと,1,みんなが黙って下を向いている中で、一人だけ立ち上がり「それは違うと思います」とはっきり言った。声は少し震えていたが、目はまっすぐ前を見ていた。,声が震えていたのにまっすぐ前を見て発言したことから、この人物についてわかることは何ですか？,自分が正しいと確信していた,目立ちたかった,怒っていた,怖くても正しいと思うことを言える人だ,4,この人物の行動を表す言葉として最もふさわしいのはどれですか？,臆病,軽率,勇敢,無関心,3
w27,冷静,れいせい,calm/composed,abstract,🧊,10,感情に流されず、落ち着いて物事を判断できること,沈着,ちんちゃく,落ち着き,おちつき,🏠 日常会話,テストで難しい問題が出ても、<WORD>に一つひとつ解いていくことが大事だ。,📰 ニュース風,危機的な状況でも指揮官は<WORD>な判断を下し、チームを安全に撤退させた。,⚡ SW世界,レイアは帝国に捕まっても<WORD>を保ち、情報を守り続けた。,「冷静」の意味として正しいのは？,何も考えずに行動すること,すべてをあきらめること,感情を爆発させること,落ち着いて状況を判断すること,4,,レイアはデス・スターに囚われても顔色一つ変えなかった。ダース・ベイダーが尋問に現れても、目を逸らさず言葉を選んだ。「怖くないのか」とベイダーが言うと、「怖いからこそ<WORD>でいなければならない」とレイアは答えた。感情を押し殺すのではなく、感情があるからこそ<WORD>でいることを選ぶ——それが彼女の強さだった。,レイアが冷静でいられた理由は？,何も感じていなかったから,怖いからこそ冷静でいることを選んだから,ベイダーが好きだったから,力で勝てると思っていたから,1,大事な発表の前、緊張して頭が真っ白になりそうだったが、深呼吸して「今できることをやればいい」と自分に言い聞かせた。発表中も落ち着いた声で話すことができた。,「今できることをやればいい」と自分に言い聞かせた効果は何ですか？,焦りを手放して落ち着いて話すことができた,発表内容を思い出した,声が大きくなった,友達に助けてもらった,1,このときの発表者の状態を表す言葉として最もふさわしいのはどれですか？,無関心でいる,悲しんでいる,パニックになっている,冷静でいる,4
w28,鮮やか,あざやか,vivid/brilliant,concrete,🌈,10,色や動きがはっきりとして、印象的で美しいこと。また、見事に物事をやり遂げること,華麗,かれい,見事,みごと,🏠 日常会話,秋の山は赤や黄色の葉が<WORD>で、思わず写真を撮った。,📰 ニュース風,選手は<WORD>なドリブルで相手を抜き去り、決勝点を決めた。,🌟 ハリポタ世界,フェニックスは<WORD>な炎の中で燃え上がり、灰の中から新たに生まれ変わった。,「鮮やか」の意味として正しいのは？,はっきりして印象的・見事なこと,暗くて見えにくいこと,ゆっくりと動くこと,地味で目立たないこと,1,,フォークスが炎に包まれた時、部屋にいた全員が息をのんだ。オレンジと金の炎は<WORD:鮮やか>で、まるで絵画のようだった。灰になったかと思うと、小さなひなが現れ、またたく間に美しい姿に戻った。「怖くないの？」とハリーが聞くと、「これが彼の生き方だ」とダンブルドアは静かに答えた。<WORD>な死と再生——フォークスはいつも通りだった。,フォークスの炎が「鮮やか」と表現された理由は？,熱かったから,はっきりとして印象的で美しかったから,消えなかったから,小さかったから,1,秋の山の斜面が、赤・橙・黄の葉で染まっていた。その色の鮮明さに、思わず足が止まった。写真に収めても、その場の迫力は伝わらないと感じた。,写真に収めても伝わらないと感じたのはなぜですか？,カメラが壊れていたから,山が遠かったから,実際の色や迫力があまりにも印象的で、写真では再現できないほどだったから,写真が下手だったから,3,この紅葉の色の様子を表す言葉として最もふさわしいのはどれですか？,鮮やか,薄い,地味,暗い,1
w29,ありきたり,ありきたり,ordinary/commonplace,abstract,😑,10,珍しくなく、どこにでもあるような平凡なこと,平凡,へいぼん,月並み,つきなみ,🏠 日常会話,「旅行のお土産にクッキーはちょっと<WORD>かな」と悩んだ。,📰 ニュース風,その映画は<WORD>なストーリーだと批評家に言われたが、観客には大ヒットした。,🏠 Phineas and Ferb世界,「普通のプールなんて<WORD>だよ」とフィニアスが言って、宇宙まで届くウォータースライダーを作り始めた。,「ありきたり」の意味として正しいのは？,どこにでもある平凡なこと,非常に珍しくて特別なこと,とても難しくて複雑なこと,美しくて印象的なこと,1,,フィニアスはホワイトボードに「夏休みの計画」と書いた。「映画鑑賞、読書、昼寝……」とファービが読み上げると、「<WORD>すぎる」とフィニアスは首を振った。「せっかくの夏休みなのに、それじゃもったいない」。その日の夕方、裏庭には火星行きのロケットが完成していた。<WORD>を嫌うフィニアスにとって、「普通」は一番避けたいことだった。,フィニアスが計画を気に入らなかった理由は？,難しすぎたから,ありきたりで平凡だったから,費用がかかりすぎたから,ファービが反対したから,1,自由研究のテーマを決める時間、クラスのほとんどがお決まりの実験か工作を選んだ。担任の先生は「もう少し面白いテーマはないかな」とつぶやいた。,先生が「もう少し面白いテーマはないかな」とつぶやいたのはなぜですか？,みんなが似たようなお決まりのテーマしか選ばなかったから,自由研究をなくしたかったから,実験や工作が嫌いだったから,子どもたちを怒らせたかったから,1,みんなが選んだテーマを表す言葉として最もふさわしいのはどれですか？,意外,ありきたり,独創的,革新的,2
w30,淡い,あわい,faint/pale/fleeting,abstract,🌸,10,色や光が薄くやわらかなこと。また、期待や気持ちがかすかなこと,薄い,うすい,かすかな,かすかな,🏠 日常会話,朝焼けの空が<WORD>ピンク色に染まって、とてもきれいだった。,📰 ニュース風,研究チームは<WORD>期待を胸に実験を続けたが、ついに画期的な結果を得た。,🌟 ハリポタ世界,ハリーは鏡の中に亡き両親の姿を見て、<WORD>懐かしさと悲しさを同時に感じた。,「淡い」の意味として正しいのは？,濃くてはっきりしていること,まったくないこと,とても強いこと,薄くやわらかなこと・かすかなこと,4,,魔法の鏡「エリセド」の前に立ったハリーは、両親の姿を見た。お母さんが手を振っている。お父さんが微笑んでいる。<WORD:淡い>光の中に浮かぶその姿は、夢のようにやわらかかった。触れようとすると消えてしまいそうで、ハリーはただ見つめることしかできなかった。あの<WORD>温かさが、彼の心に長く残った。,ハリーが感じた「淡い」光はどんな様子でしたか？,強くまぶしい光,薄くやわらかで夢のような光,暗くて怖い光,激しく揺れる光,1,窓の外を見ると、夜明け前の空がほのかに明るくなり始めていた。濃い紺色の空に、まだ消えていない星がいくつか残っていた。,この文はどんな時間帯の空の様子を描写していますか？,夕暮れの空,夜明け前のほのかに明るくなり始めた空,真昼の青空,嵐の前の空,2,この空の「ほのかな明るさ」を表す言葉として最もふさわしいのはどれですか？,眩しい,淡い,鮮烈な,暗黒の,2
w31,著しい,いちじるしい,remarkable/striking,abstract,📈,10,変化や差がとてもはっきりしていて、目立つほど大きいこと,目立つ,めだつ,顕著,けんちょ,🏠 日常会話,毎日練習を続けたら、タイムが<WORD>く縮まった。,📰 ニュース風,新薬の投与後、患者の症状が<WORD>く改善され、医師たちを驚かせた。,⚡ SW世界,フォースの訓練を始めて半年で、ルークの能力は<WORD>く向上した。,「著しい」の意味として正しいのは？,少しだけ変わること,悪い方向に変わること,変化がはっきりして目立つほど大きいこと,ほとんど変わらないこと,3,,ルークがダゴバに来た時、フォースの力はほとんどなかった。ヨーダは根気強く、毎日少しずつ訓練を続けた。数ヶ月後、同じ修行を見ていたR2-D2でさえ驚くほど、ルークの成長は<WORD:著しかった>。岩を持ち上げ、心を静め、暗闇を見通す。「<WORD>い成長だ」とヨーダが言った時、ルークは初めて自分が変わったと実感した。,ルークの成長が「著しい」と言えるのはなぜですか？,少しずつしか変わらなかったから,誰が見ても分かるほど大きく変化したから,失敗ばかりしていたから,ヨーダが特別だったから,1,二週間前まではほとんど泳げなかったのに、毎日練習を続けた結果、今日は二十五メートルを泳ぎきった。コーチも目を丸くしていた。,コーチが目を丸くしたのはなぜですか？,プールが深かったから,泳ぎ方が間違っていたから,タイムを計り忘れたから,二週間でこれほど大きく変化するとは思っていなかったから,4,この二週間の変化を表す言葉として最もふさわしいのはどれですか？,著しい,わずかな,残念な,ゆるやかな,1
w32,うやむや,うやむや,vague/unresolved,abstract,🌫️,10,はっきりしないままにして、問題や責任をあいまいにすること,あいまい,あいまい,흐지부지,흐지부지,🏠 日常会話,誰が窓を割ったのか、結局<WORD>のままになってしまった。,📰 ニュース風,大臣は追及されるたびに言葉を濁し、責任問題を<WORD>にしようとした。,⚡ SW世界,帝国は反乱軍への攻撃の失敗を<WORD>にして、公式発表をしなかった。,「うやむや」の意味として正しいのは？,あいまいにして問題を決着させないこと,強引に押し通すこと,正直に全部話すこと,はっきりと解決すること,1,,帝国議会でパルパティーンへの疑惑が浮上した。野党議員が証拠を提示しようとすると、議長は「時間切れ」と打ち切り、翌日の議会は別の話題で埋まっていた。老議員マセルは日記に書いた。「また<WORD>にされた。問題は消えたのではなく、隠されただけだ」。<WORD>にすることは、解決ではなく先送りに過ぎない。,問題が「うやむや」になったとはどういう意味ですか？,きちんと解決された,あいまいにされて決着がつかないままになった,みんなに知られた,正式に記録された,1,誰が花瓶を割ったか先生が尋ねたが、みんな黙ったままだった。結局、話し合いは何も決まらないまま終わってしまった。,この話し合いはどんな結果になりましたか？,みんなが謝った,何も決まらず問題がぼんやりしたままになった,犯人がわかって解決した,先生が怒って終わった,2,この状況を表す言葉として最もふさわしいのはどれですか？,解決した,明らかになった,うやむやになった,決着がついた,3
w33,純粋,じゅんすい,pure/genuine,abstract,💎,10,他のものが混じっていないこと。また、心にうしろ暗いところがなく素直なこと,無垢,むく,真っ直ぐ,まっすぐ,🏠 日常会話,彼女は<WORD>に「好きだから手伝いたい」と言った。,📰 ニュース風,この水は不純物が一切なく、科学的に<WORD>と証明された。,🌟 ハリポタ世界,ハリーの<WORD>な善意こそが、ヴォルデモートが理解できなかったものだった。,「純粋」の意味として正しいのは？,混じり気がなく素直・真っ直ぐなこと,複雑で難しいこと,計算や下心があること,表面だけ取り繕うこと,1,,ヴォルデモートはハリーが理解できなかった。なぜ見知らぬ人のために命を張れるのか。なぜ勝利より仲間を選ぶのか。「弱さだ」と彼は言った。しかしその<WORD>な善意こそが、彼の呪いを跳ね返した力だった。<WORD>さは弱さではない——ダンブルドアはずっとそれを知っていた。,ハリーの純粋さがヴォルデモートに理解できなかった理由は？,ハリーが弱かったから,計算なしに人のために動く気持ちが理解できなかったから,魔法が使えなかったから,言葉が通じなかったから,1,彼女は賞をとりたいからではなく、ただ「好きだから書きたい」という気持ちだけで毎日日記をつけていた。読んだ人は「飾り気がなくていい」と言った。,「飾り気がない」と評価されたのはなぜですか？,うまい文章だったから,賞を狙っていたから,文章が短かったから,見返りや演出を求めず、ありのままの気持ちで書いていたから,4,この彼女の書く動機を表す言葉として最もふさわしいのはどれですか？,計画的,純粋,打算的,慎重,2
w34,順調,じゅんちょう,smooth/going well,abstract,✅,10,物事がとどこおりなく、うまく進んでいること,スムーズ,スムーズ,好調,こうちょう,🏠 日常会話,夏休みの自由研究は<WORD>に進んでいて、もう半分終わった。,📰 ニュース風,新工場の建設は<WORD>に進んでおり、予定より早く完成する見込みだ。,🏠 Phineas and Ferb世界,ロケット発射のカウントダウンは<WORD>に進み、ファービは思わずガッツポーズをした。,「順調」の意味として正しいのは？,うまくいかずに止まっていること,問題なくうまく進んでいること,ゆっくりのんびり進むこと,終わりが見えないこと,2,,フィニアスとファービのロケット計画は今日も<WORD>だった。燃料タンク完成、誘導システム起動、発射台準備OK。「完璧だね」とファービが言うと、「まだだよ」とフィニアスが言った。「<WORD>な時こそ、次の問題を考えないと」。その言葉通り、五分後にキャンディスが叫びながら走ってきた。,「順調な時こそ次の問題を考える」というフィニアスの言葉はどういう意味ですか？,もうやめていいということ,うまくいっている時こそ油断せず先を見るべきだということ,誰かに任せていいということ,急いで終わらせるべきだということ,1,夏休みの読書感想文は計画通り進み、予定より二日早く仕上がった。苦手な算数ドリルも半分まで終わっている。,この子の夏休みの宿題の進み具合はどうですか？,全く手をつけていない,予定より早く、つまずかずに進んでいる,計画より遅れている,途中でやめてしまった,2,この宿題の進み具合を表す言葉として最もふさわしいのはどれですか？,難航している,手詰まりの,順調,遅延している,3
w35,適切,てきせつ,appropriate/suitable,abstract,🎯,10,状況や目的にぴったり合っていること,ふさわしい,ふさわしい,妥当,だとう,🏠 日常会話,友達が悩んでいる時、<WORD>な言葉をかけるのはむずかしい。,📰 ニュース風,医師は患者の症状を見て、最も<WORD>な治療法を選んだ。,🌟 ハリポタ世界,ダンブルドアはいつも<WORD>な時に<WORD>な言葉を言う人だとハリーは思っていた。,「適切」の意味として正しいのは？,みんなに人気があること,非常に難しいこと,目立って印象的なこと,状況にぴったり合っていること,4,,魔法省の尋問でハリーはパニックになりそうだった。何を言えばいい？どうすれば信じてもらえる？そこへダンブルドアが現れ、一言一言丁寧に、正確に、状況に合わせた言葉で弁護した。後でハリーは思った。「あの場面で<WORD>な言葉を選べるのがすごい」。言葉の<WORD>さは、知識だけでなく、相手をよく見る力から生まれる。,ダンブルドアの言葉が「適切」だったのはなぜですか？,大きな声で話したから,状況と相手に合わせた言葉を選んでいたから,有名人だったから,長く話したから,1,友達が落ち込んでいた時、何と声をかければいいかわからなかった。「大丈夫？」と言うのも違う気がして、しばらく隣に座っているだけにした。,「大丈夫？」と言うのが違う気がした理由として最もふさわしいのはどれですか？,言葉が思い出せなかったから,先生に言われたから,その言葉がその場の状況や友達の気持ちに合わない気がしたから,友達が嫌いだったから,3,その場に合った言葉を選ぶことを表す言葉として最もふさわしいのはどれですか？,大げさ,適切,でたらめ,あいまい,2
w36,とびきり,とびきり,exceptionally/superb,abstract,⭐,10,他と比べてずばぬけて優れていること。特別に程度が高いこと,格別,かくべつ,抜群,ばつぐん,🏠 日常会話,おばあちゃんの作るみそ汁は<WORD>おいしい。,📰 ニュース風,今年のコンクールでは、<WORD>の才能を持つ16歳のピアニストが優勝した。,🏠 Phineas and Ferb世界,「<WORD>の夏休みにするぞ」とフィニアスが言った瞬間、ファービは何か大変なことが始まると察した。,「とびきり」の意味として正しいのは？,ほんの少しだけ優れていること,少し劣っていること,まったく普通なこと,ずばぬけて特別に優れていること,4,,「今日は<WORD>のものを作ろう」とフィニアスは言った。これまでにもロケット、タイムマシン、怪獣サイズのロボットを作ってきた彼が「<WORD>」と言う時、それは本当に別格だとファービは知っていた。その日の夕方、裏庭には全長100メートルの回転寿司レーンが完成し、お寿司が宇宙まで飛んでいった。,フィニアスが「とびきり」と言う時ファービが身構える理由は？,怖いことが起きるから,本当に別格のものができると知っていたから,失敗するから,キャンディスが来るから,1,祖母の作るだし巻き卵は、他では食べたことがないほどの味だった。料亭に連れて行ってもらっても、祖母のものには及ばないと思っていた。,「料亭でも及ばない」とはどういう意味ですか？,料亭が高すぎたということ,祖母が料亭で働いているということ,料亭の料理がまずかったということ,祖母の卵焼きは料亭のものをも超えるくらい特別においしいということ,4,この祖母の卵焼きのおいしさを表す言葉として最もふさわしいのはどれですか？,とびきり,ありきたり,まあまあ,平凡,1
w37,華やか,はなやか,brilliant/glamorous,concrete,🌺,10,明るく美しく、にぎやかで目を引くこと,豪華,ごうか,絢爛,けんらん,🏠 日常会話,卒業式に<WORD>な花束を持ってきた先輩がいて、会場が一気に明るくなった。,📰 ニュース風,舞台の幕が開くと、<WORD>な衣装をまとったダンサーたちが現れた。,🌟 ハリポタ世界,クィディッチ・ワールドカップの会場は<WORD>な魔法の飾りで埋め尽くされていた。,「華やか」の意味として正しいのは？,明るく美しくにぎやかなこと,静かで落ち着いていること,地味で目立たないこと,暗くて重い雰囲気なこと,1,,クィディッチ・ワールドカップの会場は<WORD:華やか>だった。色とりどりの魔法花火、各国の旗、選手入場の光のシャワー——ハリーはただ口を開けて見ていた。「すごい」と言う言葉しか出なかった。ウィーズリー家のみんなも目を輝かせていた。日常では見られない<WORD>さが、あの夜を特別な記憶にした。,ワールドカップ会場が「華やか」と表現された理由は？,静かで上品だったから,色とりどりで明るくにぎやかだったから,人が少なかったから,試合が激しかったから,1,舞台の幕が上がると、色とりどりの衣装をまとったダンサーたちが登場した。音楽とライトが重なり、客席から思わず歓声が上がった。,客席から歓声が上がったのはなぜですか？,役者が転んだから,衣装・音楽・ライトが合わさった明るく豪華な登場に感動したから,舞台が暗かったから,舞台が終わったから,2,この舞台の登場シーンを表す言葉として最もふさわしいのはどれですか？,静か,華やか,暗い,地味,2
w38,ふさわしい,ふさわしい,suitable/fitting,abstract,🔑,10,その状況や場所、役割にぴったり合っていること,適した,てきした,相応,ふさわ,🏠 日常会話,葬式の場に<WORD>くない派手な服を着てきてしまった。,📰 ニュース風,審査員は「この受賞者こそ今年の賞に最も<WORD>い」と述べた。,🌟 ハリポタ世界,グリフィンドールの剣を引き抜けるのは、本当に<WORD>い者だけだとダンブルドアは言った。,「ふさわしい」の意味として正しいのは？,非常に優れていること,人気があること,状況や役割にぴったり合っていること,その場に合っていないこと,3,ふさわ,ダンブルドアはハリーに言った。「なぜ君がグリフィンドールの剣を引き抜けたか分かるか？」ハリーは首を振った。「強いからじゃない。<WORD:ふさわしかった>からだ」。剣は強さではなく、その人の在り方を見ている。本当に<WORD:ふさわしい>者とは、力があるのではなく、その役割を引き受ける覚悟がある者だとハリーは学んだ。,ダンブルドアが「ふさわしい者」と言う時の意味は？,体が強い者,その役割を引き受ける覚悟がある者,魔法が上手な者,人気がある者,1,グリフィンドールの剣は、真に必要とする勇気ある者の前にだけ現れると言われていた。力や地位がある者でも、その資格がなければ手にすることができなかった。,剣を手にできるのはどんな人ですか？,力が強い人,賢い人,地位の高い人,その場にふさわしい勇気を持つ人,4,その人物の状態を表す言葉として最もふさわしいのはどれですか？,ふさわしい,過剰,普通,不釣り合い,1
w39,豊富,ほうふ,abundant/plentiful,abstract,🌊,10,数や量がとても多く、十分にあること,豊か,ゆたか,充実,じゅうじつ,🏠 日常会話,この図書館は本の種類が<WORD>で、何時間でもいられる。,📰 ニュース風,この地域は天然資源が<WORD>で、経済発展の可能性が高いと報告された。,⚡ SW世界,ダゴバの星は植物が<WORD>で、ヨーダが何十年も隠れ住めた理由の一つだった。,「豊富」の意味として正しいのは？,ちょうどよい量のこと,少なくて足りないこと,無駄なほど多すぎること,数や量がとても多く十分にあること,4,,ヨーダがダゴバで50年間生き延びられたのは、その惑星の自然が<WORD>だったからだ。食べ物、水、植物——何もかもが満ちていた。しかしそれ以上に<WORD>だったのは、静寂だった。帝国の目が届かない、考える時間。「物だけでなく、時間も<WORD>であることが大事だ」とヨーダはルークに言った。,ヨーダがダゴバで長く生きられた理由として正しいのは？,帝国が助けたから,自然の恵みと静かな時間が豊富にあったから,他の惑星より寒かったから,フォースが使えなかったから,1,学校の図書室には五千冊以上の本があり、どんなジャンルでも見つかる。国語も理科も歴史も、調べものには困らないほど揃っていた。,「調べものには困らないほど」とはどういう意味ですか？,何を調べたくても必要な本が十分にあるということ,本が多すぎて選べないということ,難しい本ばかりということ,古い本しかないということ,1,この図書室の蔵書の量を表す言葉として最もふさわしいのはどれですか？,わずか,不十分,貧しい,豊富,4
w40,魅力,みりょく,charm/attraction,abstract,✨,10,人を惹きつける、引き付けずにはいられない力やよさ,魅せる力,みせるちから,引力,いんりょく,🏠 日常会話,あの先生の授業には独特の<WORD>があって、みんな引き込まれてしまう。,📰 ニュース風,この町の最大の<WORD>は、古い街並みと現代的なカフェが共存していることだ。,🌟 ハリポタ世界,ダンブルドアの<WORD>は、派手な魔法ではなく、その言葉の重さにあった。,「魅力」の意味として正しいのは？,わかりやすい説明,人を惹きつけずにいられない力,人を遠ざける力,強さや権力,2,,ハリーはなぜダンブルドアの言葉がこんなに心に残るのかと考えた。大きな魔法を使うわけでも、大声で話すわけでもない。ただ静かに、正確に、相手の目を見て話す。それが彼の<WORD>だとハリーはある日気づいた。<WORD>とは見た目ではなく、その人が持つ独自の引力——それは真似しようとして真似できるものではなかった。,ダンブルドアの魅力はどこにあると書かれていますか？,大きな魔法の力,派手な見た目,静かで正確な言葉の重さ,速い動き,2,その先生の授業は、教科書通りではなかった。なぜか引き込まれてしまい、気がつくと一時間があっという間に過ぎていた。友達も「また受けたい」と言っていた。,生徒が「また受けたい」と思ったのはなぜですか？,先生の授業に引き込まれるような魅力があったから,授業が簡単だったから,テストがなかったから,早く終わったから,1,この先生の授業の持つ力を表す言葉として最もふさわしいのはどれですか？,厳しさ,退屈,魅力,退廃,3
w41,無限,むげん,infinite/endless,abstract,♾️,10,限りなく続いていて、終わりや境界がないこと,果てしない,はてしない,無尽蔵,むじんぞう,🏠 日常会話,宇宙は<WORD>に広がっていると言われているが、本当のことは誰も知らない。,📰 ニュース風,研究者たちは人間の可能性は<WORD>だとして、挑戦を続けることの大切さを訴えた。,⚡ SW世界,フォースはすべての生命体に宿り、銀河中に<WORD>に広がっているとヨーダは教えた。,「無限」の意味として正しいのは？,決まった数があること,すぐに終わること,限りがなくずっと続いていること,とても大きいが有限なこと,3,,「フォースとは何か」とルークが聞くと、ヨーダは目を閉じた。「すべての命に宿り、銀河を満たす——<WORD>のエネルギーだ」。ルークは空を見上げた。星の数だけ、その力がある。「でも、使いこなせる量には限りがあるんじゃないか」。「フォースは<WORD>だ。限りがあるのは、おまえの心の方だ」とヨーダは言った。,ヨーダが「限りがあるのはおまえの心の方だ」と言った意味は？,フォースが弱いということ,フォースは無限だが、使う側の意識が限界を作るということ,もう修行しなくていいということ,宇宙は有限だということ,1,夜空を見上げると、星の数は数えきれないほどだった。どこまで行っても星がある。宇宙の果てなどないのかもしれないと思った。,「宇宙の果てなどないのかもしれない」と思ったのはなぜですか？,望遠鏡を持っていたから,宇宙について勉強したから,宇宙の地図を持っていたから,見渡す限り星が続いていて、終わりが感じられなかったから,4,この宇宙の広がりを表す言葉として最もふさわしいのはどれですか？,狭小,均一,無限,有限,3
w42,あらすじ,あらすじ,plot summary/outline,concrete,📖,10,物語や話の内容を短くまとめたもの,概要,がいよう,粗筋,あらすじ,🏠 日常会話,「どんな映画だった？」と聞かれたので、<WORD>だけ簡単に話した。,📰 ニュース風,新刊小説の<WORD>が公開されると、予約が殺到した。,🌟 ハリポタ世界,「ハリー・ポッターの<WORD>を知らないの？」とハーマイオニーが驚いた顔で言った。,「あらすじ」の意味として正しいのは？,話の細かい描写すべて,登場人物の一覧,物語の内容を短くまとめたもの,本の後書き,3,,「ハリー・ポッターって知ってる？」と転校生が聞いた。「もちろん！」とハーマイオニーは勢いよく答え、<WORD>を話し始めた——両親を失った赤ちゃんがヴォルデモートの呪いを跳ね返し、11歳でホグワーツに入学し……。十分後、転校生は少し後悔した顔をしていた。「<WORD>だけ聞きたかったんだけど」。,ハーマイオニーの話が長くなった理由は？,あらすじより詳しく全部話したから,転校生が質問し続けたから,本が長いから,覚えていなかったから,0,「その映画ってどんな話？」と聞かれ、「えっと、主人公が冒険に出て、途中で仲間ができて、最後に大事なものを守る話だよ」と答えた。,この答え方の特徴は何ですか？,細かい場面の描写をしている,映画を全部くわしく説明している,映画の大まかな流れを短くまとめている,映画のセリフを引用している,3,この「大まかな流れを短くまとめたもの」を表す言葉として最もふさわしいのはどれですか？,台本,解説,感想,あらすじ,4
w43,改革,かいかく,reform/revolution,abstract,⚒️,10,悪いところや古いところを改めて、よりよい形に変えること,革新,かくしん,刷新,さっしん,🏠 日常会話,学校の給食メニューを<WORD>しようという声が生徒会から出た。,📰 ニュース風,新政権は教育制度の<WORD>を最重要課題として掲げ、法案を提出した。,⚡ SW世界,反乱軍の目的は帝国を倒すだけでなく、銀河の政治を根本から<WORD>することだった。,「改革」の意味として正しいのは？,悪いところを改めてよりよく変えること,全部壊してゼロから作ること,今のままを守り続けること,一時的に変えてまた戻すこと,1,,レイアは「帝国を倒すだけでは足りない」と言った。「倒した後に、どんな銀河を作るか——それが本当の目的だ」。ハン・ソロは「まず倒すことを考えようぜ」と言ったが、レイアは聞かなかった。<WORD>とは壊すことではなく、より良いものを作ること——それが彼女の信念だった。,レイアが「帝国を倒すだけでは足りない」と言った理由は？,帝国が強すぎたから,倒した後の新しい仕組みを作ることが本当の目的だから,仲間が信用できなかったから,計画が間違っていたから,1,新しい市長は就任してすぐ、これまでのやり方を見直し始めた。古くなったルールを変え、新しい仕組みを次々と導入した。,新しい市長がしたことをひとことで言うとどんなことですか？,市民の意見を無視した,古いルールをそのまま守り続けた,予算を増やした,問題のある部分を変えてよりよい仕組みを作ろうとした,4,この市長の取り組みを表す言葉として最もふさわしいのはどれですか？,現状維持,後退,放置,改革,4
w44,過程,かてい,process/course,abstract,🔄,10,目標に向かって進む途中の段階や流れ。結果に至るまでの道のり,プロセス,プロセス,経緯,けいい,🏠 日常会話,答えだけでなく、解いた<WORD>もノートに書いておくと後で見直しやすい。,📰 ニュース風,研究者は「結果だけでなく、試行錯誤の<WORD>にこそ価値がある」と述べた。,🌟 ハリポタ世界,ハリーが強くなれたのは、失敗と立ち直りを繰り返した<WORD>があったからだ。,「過程」の意味として正しいのは？,始まりだけのこと,最終的な結果のこと,目標に向かう途中の段階や流れ,失敗のこと,3,,ハーマイオニーはいつもノートに「どうやって解いたか」を書いた。答えだけでなく、試した方法、間違えた理由、気づいたこと——すべての<WORD>を残した。「なんでそんなに書くの？」とロンが聞くと、「<WORD>を振り返ることで、次に活かせるから」と答えた。結果を出すことより、<WORD>を大切にすることが、本当の学びだとハーマイオニーは信じていた。,ハーマイオニーが解き方の過程をノートに残した理由は？,先生に見せるため,振り返ることで次に活かせるから,時間が余っていたから,ロンに見せるため,1,テストで満点をとることだけを目標にしていたが、先生に「間違えた時にどう考えたかが大事だよ」と言われた。それからは、答え合わせの時に自分の思考の流れを振り返るようにした。,先生が「間違えた時にどう考えたか」を大切にする理由として最もふさわしいのはどれですか？,間違いをなくすためだけ,結果より、考えた道筋を振り返ることが次の学びにつながるから,答えが合っていれば何でもいいから,間違いは恥ずかしいことだから,2,「答えに至るまでの思考の流れや道筋」を表す言葉として最もふさわしいのはどれですか？,結果,過程,感想,まとめ,2
w45,公平,こうへい,fair/impartial,abstract,⚖️,10,どちらの側にもかたよらず、えこひいきしないこと,中立,ちゅうりつ,公正,こうせい,🏠 日常会話,先生は全員に<WORD>に接してくれるので、みんなに信頼されている。,📰 ニュース風,裁判では、どちらの立場にも<WORD>な判断が求められる。,🌟 ハリポタ世界,ダンブルドアはスリザリンの生徒にも<WORD>に接し、家の対立をできるだけ避けようとした。,「公平」の意味として正しいのは？,強い者を優先すること,全員に同じことをすること,好きな人だけを優遇すること,どちらにもかたよらずえこひいきしないこと,4,,ホグワーツの選考で、組み分け帽子は一人ひとりの心を読んだ。家柄も成績も関係ない。その人が何を大切にし、どんな覚悟を持っているか——それだけを見た。「これが<WORD>ということだ」とダンブルドアは言った。<WORD>とは全員に同じことをするのではなく、全員を同じ基準で見ることだとハリーは気づいた。,ダンブルドアが「公平」と言う時の意味は？,全員に同じものを与えること,全員を同じ基準で見てえこひいきしないこと,強い者を勝たせること,結果だけで判断すること,1,審判は、どちらのチームにも味方せず、ルールに従って判定を下した。選手が有名かどうかは関係なかった。,審判はどのように判定しましたか？,どちらにも味方せずルールだけを基準に判定した,観客の声援を参考にした,有名な選手に有利に判定した,自分が好きなチームを勝たせた,1,この審判の判定の仕方を表す言葉として最もふさわしいのはどれですか？,偏った,ひいき,公平,不公平,3
w46,試み,こころみ,attempt/trial,abstract,🔬,10,うまくいくかどうか分からないことに、やってみようと挑戦すること,挑戦,ちょうせん,チャレンジ,チャレンジ,🏠 日常会話,はじめての料理は失敗したけど、いい<WORD>だったと思う。,📰 ニュース風,このプロジェクトは前例のない<WORD>だったが、チームは果敢に取り組んだ。,🏠 Phineas and Ferb世界,「自分たちで宇宙に行く」というフィニアスの<WORD>は、大人たちには荒唐無稽に見えた。,「試み」の意味として正しいのは？,失敗を振り返ること,うまくいくか分からないがやってみること,確実にうまくいくこと,慎重に準備すること,2,こころみ,フィニアスの<WORD:試み>はいつも「不可能」と言われるところから始まった。宇宙ロケット、タイムマシン、月面遊園地——どれも前例がなかった。「失敗するかもしれない」とファービが言うたびに、「だから面白いんだよ」とフィニアスは答えた。<WORD>とは保証のない行動だ。でもその不確かさの中にこそ、発見がある——フィニアスはそれを知っていた。,フィニアスが「だから面白い」と言った理由は？,失敗が好きだから,うまくいくか分からないからこそ挑戦する価値があるから,簡単だから,ファービが得意だから,1,誰もやったことがない方法でロボットを作ることにした。失敗するかもしれないけれど、やってみなければわからない。設計図を手に、ドキドキしながらスタートした。,「やってみなければわからない」と言いながらスタートしたことから、この人物について何がわかりますか？,簡単だと思っている,失敗が怖くて動けない,誰かに強制されている,うまくいく保証がなくても挑戦しようとしている,4,この人物の行動を表す言葉として最もふさわしいのはどれですか？,保留,逃避,諦め,試み,4
w47,違和感,いわかん,sense of discomfort/incongruity,abstract,🔍,10,なんとなくおかしい、しっくりこないという感覚,疑問,ぎもん,不信感,ふしんかん,🏠 日常会話,彼の説明を聞いてなんとなく<WORD>を覚えたが、どこがおかしいか言葉にできなかった。,📰 ニュース風,記者はその発表に<WORD>を感じ、追加取材を始めた。,⚡ SW世界,ルークはパルパティーンの言葉にうっすら<WORD>を覚えながらも、どこがおかしいか分からなかった。,「違和感」の意味として正しいのは？,はっきりとした怒り,なんとなくおかしいしっくりこない感覚,心地よい感覚,強い確信,2,,ルークはパルパティーンと話すたびに、胸の中に小さな引っかかりを感じた。言葉は丁寧で、論理も通っている——なのに何かがずれている。その<WORD>を言葉にすることができなかった。「感じるのに言えない」というのは、かえって不安だった。後になって分かった。あの<WORD>こそが、フォースが送っていた警告だったのだと。,ルークが感じた「違和感」はどういうものでしたか？,はっきりした怒り,言葉にできないが何かおかしいという感覚,楽しい予感,強い確信,1,話の内容は筋が通っていたが、なぜか聞き終わった後に何かひっかかるものが残った。どこがおかしいのかはうまく言えないけれど、素直にうなずけなかった。,「ひっかかるものが残った」とはどういう状態ですか？,すぐに忘れてしまった,怒りを感じた,うまく言葉にできないが何かがずれているような感覚があった,完全に納得して安心した,3,この感覚を表す言葉として最もふさわしいのはどれですか？,高揚感,満足感,違和感,安心感,3
w48,後ろめたい,うしろめたい,feeling guilty/having a bad conscience,abstract,😔,10,自分の行動が悪かったかもしれないと感じ、気がとがめること,罪悪感,ざいあくかん,やましい,やましい,🏠 日常会話,友達に嘘をついたことが<WORD>くて、ずっと謝るタイミングを探していた。,📰 ニュース風,証言台に立った被告は目を伏せ、<WORD>そうな様子を隠せなかった。,🌟 ハリポタ世界,スネイプはずっと<WORD>さを抱えながら、それを行動で償おうとしていた。,「後ろめたい」の意味として正しいのは？,強い怒りを感じること,何も感じないこと,誇らしくて自慢に思うこと,自分の行動が悪かったと気がとがめること,4,うしろめた,スネイプは誰にも言えない秘密を抱えていた。かつて、自分の行動がリリーを死に追いやった——その<WORD:後ろめたさ>は消えることがなかった。だから彼はハリーを守り続けた。好きだからではなく、<WORD:後ろめたく>てたまらなかったから。「後悔は行動で償うしかない」——それがスネイプの静かな、誰にも見せない戦いだった。,スネイプがハリーを守り続けた本当の理由は？,ハリーのことが好きだったから,後ろめたさを行動で償おうとしていたから,ダンブルドアに命令されたから,褒められたかったから,1,友達に頼まれて断れず、本当のことではないことを言ってしまった。その後ずっと、その友達の顔をまともに見られなかった。,その後ずっと顔をまともに見られなかったのはなぜですか？,友達が怖かったから,本当のことを言わなかったことが気にかかって、やましい気持ちがあったから,恥ずかしかっただけ,目が悪かったから,2,このときの気持ちを表す言葉として最もふさわしいのはどれですか？,うれしい,誇らしい,平気,後ろめたい,4
w49,例示,れいじ,giving examples/illustration,abstract,📋,10,説明のために具体的な例を挙げること,例を挙げる,れいをあげる,具体例,ぐたいれい,🏠 日常会話,「抽象的でわかりにくい」と言われたので、<WORD>しながらもう一度説明した。,📰 ニュース風,報告書には問題点だけでなく、改善策を<WORD>した具体的な提案が含まれていた。,🌟 ハリポタ世界,ハーマイオニーは呪文の説明をする時、必ず<WORD>してクラスメートに分かりやすく伝えた。,「例示」の意味として正しいのは？,分かりやすくするために具体例を挙げること,相手の意見を否定すること,全部を詳しく説明すること,例を省いて話すこと,1,,ハーマイオニーの説明はいつも明快だった。「防衛呪文を使う時は——」と言った後、必ず「例えば」と続けた。<WORD>することで、難しい理論が一気に分かりやすくなる。ロンは「なんで例を出すといきなり分かるんだろう」と言った。「言葉だけでは像が浮かばないから。<WORD>は想像の橋渡しよ」とハーマイオニーは答えた。,ハーマイオニーが必ず例を挙げる理由は？,先生に言われたから,例示することで難しい内容が分かりやすくなるから,時間が余っていたから,ロンが苦手だったから,1,「たとえば〇〇のような場合を考えてみよう」と先生が言って、具体的な場面を示した。それで、難しかった説明がすっと理解できた。,具体的な場面を示すと理解しやすくなったのはなぜですか？,話が短くなったから,難しい言葉がなくなったから,抽象的な説明に具体的なイメージが加わって、頭の中でつながりやすくなったから,先生の声が大きかったから,3,「具体的な例を挙げて説明すること」を表す言葉として最もふさわしいのはどれですか？,省略,抽象化,暗記,例示,4
w50,要求,ようきゅう,demand,abstract,📣,10,必要なものや権利を相手に強く求めること,請求,せいきゅう,要望,ようぼう,🏠 日常,チームのみんなは監督に「もっと練習時間を<WORD>する」と申し出た。,📰 ニュース風,市民団体は市に対して、公園の整備を<WORD>する文書を提出した。,🌟 フィクション,ハーマイオニーは図書館の司書に「禁書室への入室許可を<WORD>する」と堂々と告げた。,「要求」の意味に一番近いのはどれ？,相手の言うことをすべて聞くこと,ものごとを一人でやりとげること,相手に何も言わず待つこと,必要なものを相手に強く求めること,4,,「明日の練習は全員参加にする」とキャプテンが言った。レギュラーの田中は「なぜですか」と<WORD:要求>した。キャプテンは静かに答えた。「チームで戦うからだよ。」田中は少し考えて、うなずいた。,田中がキャプテンに「なぜですか」と言ったのはなぜですか？,キャプテンが嫌いだったから,練習を休みたかったから,理由を説明してほしかったから,全員参加に賛成していたから,2,先生への不満を胸に秘めていた生徒たちは、話し合いの末、全員で体育館に集まって正式に意見を伝えることにした。,この生徒たちの行動の特徴は何ですか？,不満を一人一人がバラバラに伝えた,先生に怒って叫んだ,不満を誰にも言わず我慢した,全員でまとまって正式に意見を伝えようとした,4,この生徒たちの行動を表す言葉として最もふさわしいのはどれですか？,要求した,命令した,お願いした,あきらめた,1
w51,舗装,ほそう,paving,concrete,🛣️,10,道路や地面をアスファルトやコンクリートで固めてきれいに整えること,整備,せいび,補修,ほしゅう,🏠 日常,雨のあとでも泥だらけにならないのは、道路が<WORD>されているからだよ。,📰 ニュース風,山村の農道が初めて<WORD>され、農作物の運搬がずっと楽になった。,🌟 フィクション,ダース・ベイダーの命令で、新たな帝国基地への道路が一晩で<WORD>された。,「舗装」の意味に一番近いのはどれ？,建物の外側を塗料でぬること,道路などの表面を固くきれいに整えること,道の両脇に木を植えること,川の水をきれいにすること,2,,大雨の翌日、通学路の道が泥だらけになっていた。しばらくして、工事の車が来て道を<WORD:舗装>し直してくれた。固くなった道を歩くのは気持ちよかった。,工事の車が来て何をしましたか？,道に看板を立てた,道の周りに花を植えた,道に水を流した,道を補修して固い状態にした,3,台風の後、ぬかるんでいた通学路の土がならされ、硬い素材で固められた。翌日、子どもたちは雨でも滑らずに歩けるようになった。,通学路が歩きやすくなったのはなぜですか？,照明が設置されたから,道の表面が硬く平らに整えられたから,木が植えられたから,道幅が広げられたから,2,この工事を表す言葉として最もふさわしいのはどれですか？,修繕,整地,清掃,舗装,4
w52,古参,こさん,veteran,abstract,🧓,10,集団の中で古くから所属していて、経験が豊富な人のこと,ベテラン,べてらん,老兵,ろうへい,🏠 日常,部活の<WORD>部員は、新入生に道具の使い方を丁寧に教えてくれた。,📰 ニュース風,その企業に20年以上勤める<WORD>社員が、会社の歴史を語ってくれた。,🌟 フィクション,ホグワーツの<WORD>教師であるマクゴナガル先生は、どんな問題にも落ち着いて対応した。,「古参」の意味に一番近いのはどれ？,いちばん実力がある人,古くから所属していて経験豊富な人,最近加わったばかりの人,年齢が一番高い人,2,,その部活には、もう五年もいる三年生がいた。入ったばかりの一年生たちは彼のことを<WORD:古参>として敬っていた。困ったことがあれば、みんな彼に相談しに行った。,三年生が敬われていた理由は何ですか？,背が高かったから,顧問の先生に気に入られていたから,長い間その部活にいる先輩だったから,成績が一番よかったから,2,部活のミーティングで、入ったばかりの一年生が練習方法について意見を言った。三年生の先輩たちは「それは以前も試して、こういう理由でうまくいかなかったんだよ」と説明した。,三年生が経験をもとに説明できたのはなぜですか？,三年生の方が体が大きいから,長く在籍していて積み重ねた知識と経験があったから,顧問の先生に教えてもらっていたから,資料を事前に調べていたから,2,この三年生のような人を表す言葉として最もふさわしいのはどれですか？,指導者,先駆者,古参,新入り,3
w53,炊事,すいじ,cooking,concrete,🍳,10,食事を作るための調理作業全般のこと,調理,ちょうり,料理,りょうり,🏠 日常,キャンプでは班ごとに分かれて<WORD>当番を決め、カレーを作った。,📰 ニュース風,被災地の避難所では、ボランティアが毎朝<WORD>を行って炊き出しを届けた。,🌟 フィクション,ハリーはダーズリー家でも魔法なしで<WORD>をこなし、家族の食事を一人で用意していた。,「炊事」の意味に一番近いのはどれ？,食事を作るための調理作業全般,食べ物を買いそろえること,食事の計画を立てること,食器を洗ったり片付けたりすること,1,,キャンプ二日目の朝、子どもたちが<WORD:炊事>当番になった。米を洗い、火を起こし、カレーを作った。焦がしかけたけれど、なんとか完成した。みんなで食べたカレーは格別だった。,子どもたちはキャンプで何をしましたか？,食事を自分たちで作った,釣りをした,山を登った,テントを張った,0,山小屋に泊まった次の朝、グループは交代制で火をおこし、鍋を使って朝ご飯を作った。煙が漂う中、全員で食べた味噌汁は格別だった。,このグループがした朝の作業はどんなことですか？,火をおこして食事を作る作業をした,テントの修理をした,荷物の整理をした,山の中で動物を観察した,1,この朝の作業を表す言葉として最もふさわしいのはどれですか？,警備,洗濯,炊事,運搬,3
w54,授かり物,さずかりもの,gift / blessing,abstract,🎁,10,神や自然など、自分を超えた大きな力から与えられた大切なもの,贈り物,おくりもの,天恵,てんけい,🏠 日常,「命は<WORD>だから、大切にしなければならない」とおじいちゃんはよく言っていた。,📰 ニュース風,その双子の誕生を、家族は長い間待ち望んでいた<WORD>と語った。,🌟 フィクション,ルークは自分のフォースの才能を、父から受け継いだ<WORD>だと感じるようになった。,「授かり物」の意味に一番近いのはどれ？,大きな力から恵みとして与えられた大切なもの,お店で買ってきたプレゼント,努力して自分でかちとったもの,返さなければならない借り物,1,,生まれたばかりの赤ちゃんを抱いた父は「この子は<WORD:授かり物>だ」とつぶやいた。長い間待ち望んでいた子どもが、ようやく来てくれたのだ。,父が「授かり物だ」と言ったのはどんな気持ちからですか？,早く大きくなってほしいという気持ち,天から与えられたかけがえのない存在だという感謝の気持ち,育てるのが大変だという不安,名前を早く決めたいという焦り,1,長い間子どもに恵まれなかった夫婦のもとに、ようやく赤ちゃんが生まれた。二人は「この子は神様からもらったものだ」と涙を流して喜んだ。,夫婦が赤ちゃんを「神様からもらったもの」と感じたのはなぜですか？,赤ちゃんが特別な力を持っていたから,神社でお祈りをしていたから,お祝いのプレゼントが届いたから,長い間待ち望んでいた命が与えられたことに深い感謝を覚えたから,4,この赤ちゃんへの夫婦の思いを表す言葉として最もふさわしいのはどれですか？,借り物,授かり物,偶然の産物,拾い物,2
w55,内戦,ないせん,civil war,abstract,⚔️,10,同じ国の中で、政府や勢力どうしが戦うこと,紛争,ふんそう,争乱,そうらん,🏠 日常,社会の授業で、日本の戊辰戦争は<WORD>の一つだと習った。,📰 ニュース風,その国では長年の<WORD>で多くの市民が家を失い、難民となった。,🌟 フィクション,スター・ウォーズでは、帝国と反乱軍の戦いは銀河規模の<WORD>だったと言われている。,「内戦」の意味に一番近いのはどれ？,政治家どうしの言い争い,同じ国の中での政府や勢力どうしの戦い,スポーツの国内チーム対決,異なる国どうしの戦争,2,,歴史の授業で、ある国が二つに分かれて戦った話を学んだ。<WORD:内戦>によって多くの人が家を失い、家族がバラバラになったと先生は言った。平和の大切さを感じた。,この授業で学んだことは何ですか？,軍隊の強さ,二つの国が協力した話,外国との争い,同じ国の中で起きた戦争の悲惨さ,3,歴史の授業で、日本では明治維新の頃に旧幕府軍と新政府軍が国内で戦い合ったことを学んだ。先生は「これは外国との戦争ではなく、国の中での戦いです」と説明した。,先生が「国の中での戦い」と説明したのはなぜですか？,日本が外国に負けた戦争だったから,一日で終わった小さな争いだったから,同じ国の中の勢力どうしが戦ったものだったから,海の上での戦いだったから,3,このような戦いを表す言葉として最もふさわしいのはどれですか？,侵略,外交,防衛戦,内戦,4
w56,孤立無援,こりつむえん,isolated with no help,abstract,🏝️,10,周りに仲間や助けが全くなく、ひとりぼっちで立ち向かっている状態,孤独,こどく,無援,むえん,🏠 日常,転校したばかりで友達もいない彼女は、まるで<WORD>のような気持ちだった。,📰 ニュース風,その研究者は業界全体から批判を受け、<WORD>の状態で研究を続けた。,🌟 フィクション,ハリーはヴォルデモートとの最後の対決で、<WORD>の状況に追い込まれた。,「孤立無援」の意味に一番近いのはどれ？,味方が誰もおらず完全にひとりで立ち向かっている状態,ひっそりと隠れている状態,多くの仲間に助けられている状態,戦う気力をなくした状態,1,,ルークは砂漠の星で帝国軍に包囲された。味方は誰もおらず、通信も途絶えていた。まさに<WORD:孤立無援>の状況だったが、彼は諦めなかった。,ルークはどんな状況に置かれていましたか？,安全な場所に隠れていた,味方が誰もおらず一人で戦わなければならなかった,敵に降参しようとしていた,たくさんの仲間に囲まれていた,1,試合中にキャプテンが足をけがして退場した。残ったメンバーも次々と体調を崩し、最後は一人で相手チームと戦わなければならなかった。,その選手が置かれた状況はどんな状態ですか？,仲間が多くて試合に余裕があった,助けてくれる仲間が一人もいない状態になった,コーチが支援してくれていた,自分だけが強くて有利だった,2,このときの選手の状況を表す言葉として最もふさわしいのはどれですか？,独走,圧勝,余裕,孤立無援,1
w57,近隣,きんりん,neighborhood,concrete,🏘️,10,住んでいる場所や対象の近く・周辺のこと,近所,きんじょ,周辺,しゅうへん,🏠 日常,<WORD>の家の人が引っ越しのあいさつに来たので、お菓子を渡した。,📰 ニュース風,工場の建設計画に、<WORD>住民から騒音への懸念が相次いだ。,🌟 フィクション,ホグワーツの<WORD>にある村ホグズミードは、魔法使いだけが住む特別な場所だ。,「近隣」の意味に一番近いのはどれ？,昔から知っている友人,住んでいる場所の近く・周辺,遠くに住んでいる親戚,旅行先で出会った人,2,,引っ越してすぐ、お母さんは<WORD:近隣>の家にあいさつ回りをした。「よろしくお願いします」と言いながらタオルを配った。翌日、隣のおばさんが野菜を持ってきてくれた。,お母さんがあいさつ回りをしたのはどこですか？,新しい家の周りの家々,学校の先生のところ,遠くに住む親戚,引っ越し業者,0,工場の建設計画が発表されると、工場の周りに住む人たちからにおいや騒音を心配する声が次々と上がった。,声を上げた人たちはどんな立場の人たちですか？,工場で働く予定の従業員,工場の建設場所の近くに住んでいる人たち,環境問題を研究する専門家,工場を建てる会社の社長,2,この工場の周りに住む人たちを表す言葉として最もふさわしいのはどれですか？,近隣の住民,遠方の住民,部外者,観光客,1
w58,炎天下,えんてんか,under the blazing sun,concrete,☀️,10,強い日差しが照りつける、非常に暑い屋外の状態・環境のこと,酷暑,こくしょ,真夏,まなつ,🏠 日常,<WORD>の運動会で、先生は「こまめに水分をとるように」と何度も声をかけた。,📰 ニュース風,農家の人々は<WORD>でも休まず田んぼの草取りを続けた。,🌟 フィクション,ルークは<WORD>のタトゥイーンの砂漠を歩き続け、へとへとになった。,「炎天下」の意味に一番近いのはどれ？,嵐の中の野外,深夜の寒い屋外,春の穏やかな野外,強い日差しが照りつける非常に暑い屋外の状態,4,,夏の甲子園、試合は<WORD:炎天下>のグラウンドで行われた。選手たちは汗だくになりながらも全力でプレーした。観客席にいた応援団も、暑さに負けず声を上げ続けた。,この試合はどんな環境で行われましたか？,屋根のある涼しい場所,夜の涼しい時間帯,強い日差しが照りつける暑い屋外,雨の中,0,大会当日、気温は35度を超えた。選手たちは照りつける太陽の下、水分補給を欠かさずに競技を続けた。,選手たちが置かれた環境はどんな状況ですか？,強い日差しが照りつける非常に暑い屋外,涼しい屋内施設,雨が降り続ける曇り空の下,雪が降る寒い屋外,4,この競技環境を表す言葉として最もふさわしいのはどれですか？,炎天下,極寒下,深夜帯,暴風雨中,1
w59,宿舎,しゅくしゃ,dormitory / quarters,concrete,🏠,10,学校・会社・軍などが用意した、人が泊まるための建物や部屋,寮,りょう,施設,しせつ,🏠 日常,合宿では６人一部屋の<WORD>に泊まり、夜遅くまでみんなで話した。,📰 ニュース風,建設現場の労働者たちは、工事期間中は現場近くの<WORD>で生活した。,🌟 フィクション,ホグワーツのグリフィンドールの<WORD>は、塔の上にあって夜景がきれいだった。,「宿舎」の意味に一番近いのはどれ？,旅行者が自由に予約できるホテル,学校の教室や図書館,組織が用意した人が泊まるための建物や部屋,家族と一緒に住む自宅,3,,修学旅行の夜、みんなで<WORD:宿舎>の廊下に集まってトランプをした。消灯時間を過ぎていたが、先生に見つかるまでの短い時間が特別に楽しかった。,みんながトランプをした場所はどこですか？,学校の体育館,お土産屋の前,バスの中,泊まっている宿の廊下,3,長期出張中の父は、会社が用意してくれたアパートのような部屋に滞在していた。同じ建物には同僚も泊まっていて、一緒に夕食を食べることもあった。,父が泊まっていた場所の特徴は何ですか？,テントを張って野外で過ごしていた,実家に帰って家族と過ごしていた,会社が用意した建物に同僚たちと泊まっていた,自分で費用を出して借りたホテル,3,この父が泊まっていた場所を表す言葉として最もふさわしいのはどれですか？,旅館,自宅,病院,宿舎,4
w60,井戸端,いどばた,around the well / neighborhood gossip,abstract,💬,10,近所の人々がちょっとした話をする、気軽な立ち話の場のこと,雑談,ざつだん,世間話,せけんばなし,🏠 日常,お母さんたちは学校の前で<WORD>会議を開いて、地域の話題で盛り上がった。,📰 ニュース風,SNSは現代版の<WORD>として、人々が日常の出来事を気軽に語り合う場になっている。,🌟 フィクション,ホグズミードの住人たちは毎朝カフェの前で<WORD>会議を開き、魔法界の噂話を交換していた。,「井戸端（会議）」の意味に一番近いのはどれ？,一人でじっくり考えること,文書で意見を交わすこと,正式な会議室での議論,近所の人々が集まって気軽に行う立ち話,4,,朝、公園のベンチでおばあさんたちが集まって話していた。天気のこと、孫のこと、近所のニュース。そんな<WORD:井戸端>での会話が、毎朝の楽しみだった。,おばあさんたちが楽しんでいたのはどんなことですか？,秘密の計画,ニュースの取材,近所の人たちとの気軽な世間話,激しい議論,2,保護者たちは子どもを学校に送った帰り道、校門の前でしばらく立ち止まり、給食の話や学校のイベントについてにぎやかに話し合った。,この保護者たちがしていたことはどんなことですか？,役員会の議事録を作っていた,学校の先生に正式な要望を伝えていた,子どもの問題行動について相談していた,校門の前で近所の人たちと気軽な立ち話をしていた,4,このような立ち話の場を表す言葉として最もふさわしいのはどれですか？,秘密会議,委員会,正式な審議,井戸端会議,4
w61,簡易,かんい,simple / makeshift,abstract,🔧,10,構造や手続きが単純で、手軽に使えること,簡単,かんたん,略式,りゃくしき,🏠 日常,登山のとき、<WORD>テントを設営してひと晩過ごした。,📰 ニュース風,災害後の避難所では、<WORD>トイレが素早く設置されて助かった。,🌟 フィクション,ハーマイオニーは魔法で<WORD>な地図を作り、迷宮のルートを仲間に伝えた。,「簡易」の意味に一番近いのはどれ？,壊れやすくて危険なこと,構造や手続きが単純で手軽に使えること,とても豪華で本格的なこと,複雑で専門家にしか使えないこと,2,,被災地に<WORD:簡易>トイレと<WORD:簡易>ベッドが届いた。本格的な設備ではないけれど、避難している人たちには十分ありがたかった。小さな工夫が人を助ける。,「簡易」なものが届いたとはどういうことですか？,とても高級な設備が届いた,使い方が複雑な機械が届いた,シンプルで手軽に使える設備が届いた,壊れた設備が届いた,2,緊急の避難時、テントを張る時間がないため、折りたたんですぐに使える小型のシェルターが全員に配られた。,このシェルターの特徴は何ですか？,手軽にすぐ使える単純な構造のもの,専門家だけが使える複雑な装置,豪華な設備がついた本格的な建物,持ち運びが難しい大型の設備,1,このシェルターの性質を表す言葉として最もふさわしいのはどれですか？,精密,簡易,本格的,頑丈,2
w62,漆黒,しっこく,jet black,concrete,⬛,10,漆のように深みのある真っ黒な色・様子のこと,真っ黒,まっくろ,闇黒,やみくろ,🏠 日常,停電した夜、窓の外は<WORD>の闇に包まれていた。,📰 ニュース風,写真家は<WORD>の夜空に浮かぶ満月を撮影した。,🌟 フィクション,ダース・ベイダーの<WORD>のマントが翻るたびに、周りの兵士は息をのんだ。,「漆黒」の意味に一番近いのはどれ？,光り輝くほど白い色,漆のように深みのある真っ黒な色,薄くて明るい灰色,青みがかった暗い色,2,,夜の森の中、月も星も見えなかった。辺り一面が<WORD:漆黒>の闇に包まれ、手を伸ばしても指先すら見えない。懐中電灯の電池が切れた瞬間、全員が息をのんだ。,「漆黒の闇」とはどのような暗さですか？,夕暮れのような明るさ,真っ黒で何も見えないほどの暗さ,少し薄暗い程度,霧がかかった白っぽい暗さ,1,停電した夜、すべての光が消えた部屋は深い闇に包まれた。目を凝らしても自分の手さえ見えないほどだった。,この部屋の様子はどのような状態ですか？,薄明かりが差し込んでいる,窓の外から光が入っていた,ろうそくの光がゆらめいていた,どこも見えないほど真っ暗だった,4,この闇の色合いを表す言葉として最もふさわしいのはどれですか？,薄紫,漆黒,灰色,真白,2
w63,過多,かた,excess / too much,abstract,📈,10,必要以上に多すぎること,余剰,よじょう,超過,ちょうか,🏠 日常,テスト前に情報<WORD>になって、何から勉強すればいいかわからなくなった。,📰 ニュース風,専門家は現代人の糖分<WORD>が健康問題の一因だと指摘した。,🌟 フィクション,ハーマイオニーは試験勉強で知識<WORD>になり、かえって基本問題を間違えてしまった。,「過多」の意味に一番近いのはどれ？,少しだけ足りない状態,ちょうどよい量,必要以上に多すぎること,まったく足りない状態,3,,夏休みの宿題が<WORD:過多>だと生徒たちは感じていた。ドリル三冊、読書感想文二本、自由研究。先生に「多すぎます」と手紙を書いた子もいた。,生徒たちはなぜ困っていましたか？,宿題の量が多すぎたから,宿題のやり方がわからなかったから,宿題が難しすぎたから,宿題の提出期限が短かったから,0,テスト前日に教科書を開いたら、付箋が何百枚も貼ってあり、メモが余白を埋め尽くしていた。どこを見ればよいのかかえってわからなくなった。,かえってわからなくなったのはなぜですか？,友達に教えてもらえなかったから,時間が全くなかったから,情報が多すぎて整理できなくなったから,教科書が難しすぎたから,3,この情報の状態を表す言葉として最もふさわしいのはどれですか？,欠如,過多,不足,適切,2
w64,膨大,ぼうだい,enormous / vast,abstract,🌊,10,数や量・規模が非常に大きいこと,莫大,ばくだい,大量,たいりょう,🏠 日常,その図書館には<WORD>な数の本が並んでいて、どこから読もうか迷った。,📰 ニュース風,宇宙には<WORD>な数の星があり、その全容はまだわかっていない。,🌟 フィクション,ダンブルドアの頭の中には<WORD>な知識が蓄積されており、どんな難問にも答えられた。,「膨大」の意味に一番近いのはどれ？,数や量・規模が非常に大きいこと,急激に減っていること,ちょうどよい大きさ,とても小さくて細かいこと,1,,図書館の本棚には<WORD:膨大>な数の本が並んでいた。何万冊もの本が天井まで積まれていて、どこから読めばいいか迷うほどだった。,図書館の本はどのような状態でしたか？,古くて読めない本ばかりだった,数え切れないほど大量にあった,数冊しかなかった,すべて同じ本だった,1,その図書館の本棚は天井まで届いていて、どの棚も本でびっしり埋まっていた。司書によれば蔵書数は50万冊を超えるという。,この図書館の特徴は何ですか？,古い本だけが並んでいた,本の種類が少なく一部のジャンルしかない,非常に多くの本が収められていた,子ども向けの本しかなかった,3,この蔵書の量を表す言葉として最もふさわしいのはどれですか？,膨大な,わずかな,少量の,ほどほどの,1
w65,格闘,かくとう,struggle / grapple,abstract,🥊,10,困難な問題や相手と、必死になって取り組んだり戦ったりすること,奮闘,ふんとう,苦闘,くとう,🏠 日常,数学の難問と長時間<WORD>した末に、やっと答えにたどりついた。,📰 ニュース風,救急隊員たちは現場で患者の救命に<WORD>し、一命をとりとめさせた。,🌟 フィクション,ハリーはバジリスクと<WORD>しながらも、剣をつかんで倒した。,「格闘」の意味に一番近いのはどれ？,あっさりと解決すること,静かに待ち続けること,問題から逃げ出すこと,困難や相手に必死になって取り組むこと,4,,試合の最終回、チームは一点差で負けていた。選手たちは疲れ果てながらも、最後まで勝利をつかもうと<WORD:格闘>した。惜しくも届かなかったが、全員が力を出し切った。,選手たちはどんな様子で試合に臨んでいましたか？,疲れていても諦めずに必死で戦っていた,相手チームをバカにしていた,余裕を持ってプレーしていた,早く試合を終わらせたいと思っていた,0,工期の遅れと資材不足が重なり、プロジェクトは何か月にもわたって難しい状況が続いた。チームは毎日問題を解決しながら、なんとか前へ進んだ。,このチームの状況はどのようなものですか？,多くの困難に必死で取り組み続けた,問題を無視して進んだ,すべてが順調で余裕があった,誰かに助けてもらって楽に進めた,1,このチームの取り組みを表す言葉として最もふさわしいのはどれですか？,格闘,回避,待機,休憩,1
w66,糧,かて,sustenance / nourishment,abstract,🌾,10,生きていくための食べ物、または精神的に力や支えになるもの,栄養,えいよう,支え,ささえ,🏠 日常,失敗の経験が、次へ進む<WORD>になると先生は言った。,📰 ニュース風,難民の子どもたちに届けられた食料は、命をつなぐための<WORD>となった。,🌟 フィクション,ルークにとって、オビ＝ワンの言葉は暗闇の中でも前に進む<WORD>だった。,「糧」の意味に一番近いのはどれ？,過去の失敗の記録,生きていく力や支えになるもの（食べ物・経験など）,邪魔になる障害物,不要な荷物,2,,長い旅の中で、ハーミオーニーはこう言った。「本は旅の<WORD:糧>よ。知識があれば、どんな困難でも乗り越えられる。」ハリーはその言葉を胸に刻んだ。,ハーミオーニーが「本は旅の糧」と言ったのはどういう意味ですか？,本から得た知識が困難を乗り越える力になるということ,本はお腹を満たしてくれるということ,本は重くて荷物になるということ,本は売ってお金にできるということ,0,厳しい修行の中で何度も失敗したが、その経験がやがて自信の源になった。先生は「失敗こそが君を育てる」と言っていた。,この修行での失敗経験はどのような意味を持ちましたか？,消し去りたい恥ずかしい過去だった,のちに力や自信の源となるものになった,記録として残すべきものだった,何の役にも立たなかった,2,このような経験を表す言葉として最もふさわしいのはどれですか？,糧,邪魔物,汚点,記念品,1
w67,支援,しえん,support / aid,abstract,🤝,10,人や組織が困っているときに、力を貸して助けること,援助,えんじょ,後援,こうえん,🏠 日常,けがをした友達の代わりに荷物を持つことも、立派な<WORD>だよ。,📰 ニュース風,NPOは被災地の子どもたちへの教育<WORD>を続けている。,🌟 フィクション,レイア姫は反乱軍への<WORD>を求めて、オビ＝ワンへのメッセージを送った。,「支援」の意味に一番近いのはどれ？,問題を一人で解決すること,相手を批判して正しい方向に導くこと,困っている人や組織に力を貸して助けること,相手のやることを見守るだけ,3,,地震の後、世界中から<WORD:支援>が届いた。食料や毛布、医薬品。遠くの国の人々の気持ちが、被災した町の人たちに届いた。,「支援が届いた」とはどういうことですか？,困っている人たちを助けるための物資や援助が届いた,政府への不満が届いた,被害の報告書が届いた,義援金の請求書が届いた,0,地震の後、被災地の子どもたちが授業を再開できるよう、他の地域のボランティアが教材を届け、授業のお手伝いに来た。,このボランティアたちはどんなことをしましたか？,自分たちの利益のために動いた,被災地に来て批判や意見を述べた,見学だけして帰った,困っている人たちのために力を貸した,4,このボランティアたちの行動を表す言葉として最もふさわしいのはどれですか？,干渉,競争,支援,妨害,3
w68,意志,いし,will / determination,abstract,💪,10,自分がこうしたいと決めた、強い気持ちや心の方向性のこと,決意,けつい,意欲,いよく,🏠 日常,どんなに疲れていても練習をやめなかったのは、勝ちたいという強い<WORD>があったからだ。,📰 ニュース風,その政治家は「改革への揺るぎない<WORD>を持って取り組む」と宣言した。,🌟 フィクション,ハリーがヴォルデモートに立ち向かえたのは、守りたいという強い<WORD>のおかげだった。,「意志」の意味に一番近いのはどれ？,他の人に言われてしぶしぶ従う気持ち,なんとなくそうなった流れ,失敗したときに感じる後悔,こうしたいと決めた強い気持ちや心の方向性,4,,サクラは「やっぱり無理かな」とつぶやいたが、すぐに首を横に振った。「いや、やる。絶対にやる。」その<WORD:意志>の強さが、彼女を諦めさせなかった。,サクラが諦めなかった理由は何ですか？,先生に叱られたから,やり遂げようという強い気持ちがあったから,賞がもらえると聞いたから,友達に応援されたから,1,どんなに練習が辛くても、一度も休まなかった。「絶対に全国大会に出る」という目標だけを心に持ち続けていた。,この選手が練習をやめなかった根本的な理由は何ですか？,記録を狙っていたから,コーチに強制されていたから,友達が続けていたから,自分の強い決意と目標への気持ちがあったから,4,この選手の内側にある強さを表す言葉として最もふさわしいのはどれですか？,直感,才能,意志,感情,3
w69,順応,じゅんのう,adaptation / adjustment,abstract,🌱,10,環境や状況の変化に合わせて、うまく慣れていくこと,適応,てきおう,馴化,じゅんか,🏠 日常,転校して最初は戸惑ったが、一か月もすると新しい学校に<WORD>できた。,📰 ニュース風,南極で働く研究者たちは、極寒の環境に<WORD>するためのトレーニングを受ける。,🌟 フィクション,グルートは宇宙のどんな環境にも<WORD>し、花を咲かせることができた。,「順応」の意味に一番近いのはどれ？,新しいことを完全に無視すること,環境や状況の変化に合わせてうまく慣れること,相手を自分に合わせさせること,自分の考えを一切変えないこと,2,,外国から転校してきたレナは、最初は日本語もルールも何もわからなかった。でも三ヶ月後には友達もでき、学校生活にすっかり<WORD:順応>していた。,三ヶ月後のレナの様子を表しているのはどれですか？,友達ができず一人でいた,まだ日本になじめず困っていた,日本が嫌になって帰国した,新しい環境に慣れてうまく生活できるようになった,3,転勤先の土地では最初、方言や文化の違いに戸惑った。しかし半年が経つ頃には、すっかり地元の生活のペースに馴染んでいた。,この人物に半年後に起きた変化は何ですか？,新しい環境に自然と慣れてなじめるようになった,元の土地に戻ることにした,生活リズムがより乱れた,地元の人たちと仲良くなれなかった,1,この変化を表す言葉として最もふさわしいのはどれですか？,反発,固執,順応,逃亡,3
w70,永世,えいせい,perpetual / eternal,abstract,♾️,10,永遠に続くこと・ある地位や称号を生涯持ち続けること,永久,えいきゅう,永遠,えいえん,🏠 日常,将棋界では特別な功績を残した棋士に「<WORD>名人」の称号が贈られる。,📰 ニュース風,両国は<WORD>中立の立場を宣言し、どの国とも戦わないことを約束した。,🌟 フィクション,魔法界では特別な魔法使いに「<WORD>魔法大臣」の称号が贈られることがある。,「永世」の意味に一番近いのはどれ？,一時的な名誉,若い頃だけ使える資格,永遠に続くことや生涯持ち続ける称号・地位のこと,数年間だけ続く期間,3,,「このチャンピオンの称号は<WORD:永世>のものとする」と大会の委員長が宣言した。何年経っても、その名前が記録として残り続けることを意味していた。,「永世のチャンピオン」とはどういう意味ですか？,今年だけのチャンピオン,永遠に変わらず続くチャンピオン,来年また争うチャンピオン,条件付きのチャンピオン,1,囲碁界で特別な成績を残した棋士は、引退後も「永世名人」という称号を使い続けることを認められた。,この棋士が引退後も称号を使い続けられるのはなぜですか？,特別な成績を残したことで生涯その称号を持ち続けることが認められたから,他の棋士より年齢が高いから,国の法律で決まっているから,引退前に申請したから,1,この「永世名人」の「永世」の意味として最もふさわしいのはどれですか？,一時的な,その年だけの,若い頃だけの,永遠に続く・生涯持ち続ける,4
w71,祭礼,さいれい,religious festival / ceremony,concrete,🎋,10,神や仏に感謝や祈りをささげるために行われる、伝統的な祭りや儀式のこと,祭り,まつり,儀式,ぎしき,🏠 日常,地域の<WORD>では、子どもたちが神輿を担いで町を練り歩いた。,📰 ニュース風,その神社の<WORD>は300年以上の歴史があり、毎年多くの参拝者が訪れる。,🌟 フィクション,魔法使いの里では、星が並ぶ夜にだけ行われる神秘の<WORD>があった。,「祭礼」の意味に一番近いのはどれ？,授業参観や文化祭などの学校行事,神や仏への感謝や祈りのために行う伝統的な祭り・儀式,スポーツの試合のセレモニー,お誕生日のパーティー,2,,秋になると、村では盛大な<WORD:祭礼>が開かれた。神社に供物を捧げ、太鼓が鳴り、みんなが晴れ着を着て集まった。今年も豊作だったことへの感謝の行事だった。,村の祭礼はどんな目的で行われましたか？,子どもたちを楽しませるため,新しい村長を決めるため,観光客を集めるため,神様への感謝と祈りを捧げるための宗教的な行事,3,秋になると村では、収穫に感謝して神社に食べ物をお供えし、みんなで舞を踊る伝統行事が行われた。,この行事の目的は何ですか？,商店街の宣伝のため,観光客を集めるため,神や自然への感謝と祈りをささげるための伝統的な行事だった,村の子どもたちを楽しませるため,3,このような伝統行事を表す言葉として最もふさわしいのはどれですか？,運動会,交流会,展覧会,祭礼,4
w72,儀式,ぎしき,ritual / ceremony,abstract,🕯️,10,決まった手順や形式に従って行われる、特別な意味を持つ行事や式のこと,式典,しきてん,典礼,てんれい,🏠 日常,卒業式は、学校生活の終わりを正式に祝う大切な<WORD>だ。,📰 ニュース風,古代エジプトでは、王の死後に特別な<WORD>が行われ、ミイラが作られた。,🌟 フィクション,ホグワーツでは入学のとき、組分け帽子をかぶるという<WORD>がある。,「儀式」の意味に一番近いのはどれ？,自由に好きなことをするイベント,失敗を謝るための話し合い,決まった形式で行われる特別な意味を持つ行事や式,毎日の普通の作業,3,,成人式では、古くから伝わる<WORD:儀式>が行われた。特別な衣装を着て、決まった言葉を唱え、大人になったことを社会に認めてもらうための大切な式だった。,成人式の儀式はどんなものですか？,自由に楽しむお祭り,決まった手順で行われる特別な式,旅行に行くこと,試験を受けること,1,卒業式では、校長が一人一人の名前を呼び、決まった言葉を述べながら証書を渡した。毎年同じ形式で行われるその式には特別な重みがあった。,卒業式が毎年同じ形式で行われる理由として最もふさわしいのはどれですか？,先生が楽できるから,短時間で終わらせるため,準備が楽だから,決まった手順に従うことで意味と重みが生まれるから,4,このような決まった形式の式を表す言葉として最もふさわしいのはどれですか？,儀式,気まぐれな行事,偶発的な出来事,自由参加のイベント,1
w73,愛用,あいよう,favorite use / regular use,abstract,❤️,10,特定のものを気に入って、日常的に使い続けること,常用,じょうよう,使用,しよう,🏠 日常,お父さんは10年以上<WORD>しているお気に入りの万年筆がある。,📰 ニュース風,そのアスリートは「この靴を<WORD>して以来、記録が伸びた」と語った。,🌟 フィクション,ハーマイオニーが<WORD>するバッグは、魔法で中身が無限に入るようになっていた。,「愛用」の意味に一番近いのはどれ？,物を大切に保管しておくこと,人から借りたものを返さないこと,気に入ったものを日常的に使い続けること,たまにだけ使う特別な道具,3,,おばあちゃんは古い急須を大切に使っていた。三十年以上<WORD:愛用>しているそのお茶セットで入れたお茶は、なぜかいつもより美味しく感じた。,おばあちゃんとお茶セットの関係を表しているのはどれですか？,壊れているが捨てられないもの,誰かからもらったが使っていないもの,最近買ったばかりのもの,長年大切に使い続けているもの,3,祖母は50年以上同じメーカーの裁縫道具を使い続けている。「手になじんでいるから、これ以外は考えられない」と言う。,祖母が同じ道具を使い続ける理由は何ですか？,たまたま捨てそびれたから,義務だったから,長年使ってきて自分に合っていると感じているから,他のものが高くて買えないから,3,このような道具との関係を表す言葉として最もふさわしいのはどれですか？,廃棄,愛用,所持,保管,2
w74,案じる,あんじる,worry / be concerned,abstract,😟,10,人のことや物事がうまくいくか心配して、気にかけること,心配する,しんぱいする,憂慮する,ゆうりょする,🏠 日常,熱を出した妹のことを、お母さんは夜通し<WORD>ていた。,📰 ニュース風,登山中に連絡が途絶えた仲間のことを、麓で待つ家族は深く<WORD>ていた。,🌟 フィクション,ダンブルドアはハリーの安全を<WORD>つつも、あえて苦難の道を歩ませた。,「案じる」の意味に一番近いのはどれ？,相手の行動を冷たく批判すること,喜んで応援すること,人や物事がうまくいくか心配して気にかけること,何も考えずにいること,3,案,夜遅く帰ってこない息子を、お母さんは窓の外を何度も見ながら<WORD:案じて>いた。電話をしても繋がらず、胸がざわついた。,お母さんはどんな気持ちでいましたか？,楽しみに待っていた,怒っていた,息子のことが心配で不安だった,何も感じていなかった,2,遠くに住む祖母から電話があった。「風邪をひいたと聞いたよ。ちゃんと食べてる？薬は飲んでる？」と繰り返し確認してきた。,祖母が繰り返し確認したのはなぜですか？,孫の体の具合がよくないことを心配していたから,電話の調子が悪かったから,孫の話が聞きたかっただけだから,用件を早く伝えたかったから,1,この祖母の気持ちを表す言葉として最もふさわしいのはどれですか？,案じている,飽きている,怒っている,喜んでいる,1
w75,知覚,ちかく,perception / sensation,abstract,👁️,10,感覚器官を通して、外の世界の情報を感じ取ること,感覚,かんかく,感知,かんち,🏠 日常,目を閉じても足の裏の感触がわかるのは、<WORD>が働いているからだよ。,📰 ニュース風,人工知能は画像認識によって、人間のような視覚的<WORD>を再現しようとしている。,🌟 フィクション,フォースを使うジェダイは、通常の人間をはるかに超えた<WORD>能力を持っている。,「知覚」の意味に一番近いのはどれ？,他人の気持ちを想像すること,感覚器官を通して外の世界の情報を感じ取ること,知識を頭の中だけで考えること,過去の記憶を呼び起こすこと,2,,生まれつき視力を持たない彼は、触覚と聴覚で周りの世界を<WORD:知覚>していた。音の反響で距離を測り、指先の感触で文字を読んだ。,「世界を知覚する」とはどういうことですか？,世界を変えること,世界の地図を覚えること,世界を想像で作り出すこと,感覚を通して周りの状況を感じ取ること,3,目をつぶっていても、足の裏がじゅうたんの上にいるか、フローリングの上にいるかがわかる。手で触れなくても布の柔らかさがわかる。,このような能力はどのような仕組みによるものですか？,感覚器官が外の情報を直接感じ取っている,他の人に教えてもらっている,記憶を頼りに想像している,体が自動的に動いている,1,この感覚器官による情報の受け取りを表す言葉として最もふさわしいのはどれですか？,知覚,記憶,判断,想像,1
w76,相応,そうおう,suitable / appropriate,abstract,⚖️,10,その場や人・物に見合っていて、つり合いが取れていること,ふさわしい,ふさわしい,釣り合い,つりあい,🏠 日常,その高い賞は、長年努力してきた彼女に<WORD>の評価だと思う。,📰 ニュース風,報酬は仕事の内容に<WORD>したものにするべきだと専門家は言う。,🌟 フィクション,グリフィンドールに選ばれたハリーは、勇気ある行動でその名に<WORD>しい活躍を見せた。,「相応」の意味に一番近いのはどれ？,基準に全然達していないこと,全く関係のないこと,その場や物事にふさわしくつり合いが取れていること,とびぬけてすごいこと,3,,コンクールに入選した絵は、その画家の実力に<WORD:相応>した評価だった。長年努力を続けてきた結果が、ちゃんと形になった瞬間だった。,評価が「相応」だったとはどういう意味ですか？,評価が実力よりずっと高かった,評価が実力より低かった,実力と評価がぴったり合っていた,評価が間違っていた,2,長年にわたって地域に貢献し続けてきた人に、町から表彰状が贈られた。受け取った本人は「これほどの賞をいただける立場ではないですが」と照れながら言った。,この表彰は、本人にとってどのように感じられましたか？,自分の努力に見合わない過大な賞だと感じた,受け取りたくなかった,賞の内容が気に入らなかった,自分の取り組みに見合った正当な評価だと感じた,4,このような賞と受賞者との関係を表す言葉として最もふさわしいのはどれですか？,不釣り合い,無関係,過剰,相応,4
w77,鶴の一声,つるのひとこえ,authoritative word,abstract,🦢,10,権力や権威のある人が一言言うだけで、その場の流れが決まってしまうこと,鶴の一声,つるのひとこえ,決定打,けっていだ,🏠 日常,部活でどの練習メニューにするか揉めていたとき、顧問の先生の<WORD>ですぐ決まった。,📰 ニュース風,会議で意見がまとまらなかったが、社長の<WORD>で方針が決定した。,🌟 フィクション,ダンブルドアの<WORD>で、ホグワーツの全生徒がすぐに静まり返った。,「鶴の一声」の意味に一番近いのはどれ？,みんなで話し合って決めること,声が非常に大きいこと,権威ある人が一言言うだけで物事が決まること,何度も同じことを繰り返し言うこと,3,,委員会でいくら話し合っても意見がまとまらなかった。そこへ校長先生が現れ、一言「体育祭は予定通り行う」と言った。それが<WORD:鶴の一声>となり、その場がすぐに決着した。,「鶴の一声」とはここでどういう意味ですか？,長い演説をすること,みんなが賛成すること,権力や影響力のある人の一言でその場が決まること,大きな声で叫ぶこと,2,会議で意見が割れて話し合いが長引いていたとき、その場にいた一番偉い人が「こうしよう」と一言言った途端、その方針に決まった。,会議がすぐに決まったのはなぜですか？,話し合いを続けた結果まとまったから,多数決をとったから,権威ある人が一言言うだけで場の流れが決まったから,全員が同じ意見を持っていたから,3,このような発言の影響力を表す言葉として最もふさわしいのはどれですか？,一人ぼやき,鶴の一声,大合唱,ひそひそ話,2
w78,無理難題,むりなんだい,unreasonable demand,abstract,😤,10,とても実現できないような、無茶な要求や課題のこと,難問,なんもん,理不尽,りふじん,🏠 日常,「明日までに100ページ読んでこい」と言われたら、それは<WORD>だと思う。,📰 ニュース風,交渉相手から<WORD>を突きつけられた会社は、条件の見直しを求めた。,🌟 フィクション,魔法省はハリーたちに<WORD>を押しつけたが、仲間の知恵と協力で乗り越えた。,「無理難題」の意味に一番近いのはどれ？,少し難しいが解ける問題,ちょうどよいレベルの挑戦,丁寧なお願いごと,とても実現できない無茶な要求や課題,4,,魔法省はハリーに<WORD:無理難題>を次々と課した。不可能に近い任務、矛盾したルール、どう頑張っても解決できない問題ばかりだった。それでもハリーは諦めなかった。,ハリーが課された「無理難題」とはどんなものですか？,やり遂げることがほぼ不可能な困難な要求,簡単に解ける課題,自分で選んだ目標,楽しい冒険の課題,0,「明日までに50ページ分の感想文を書いてくること」と突然言われた生徒たちは、顔を見合わせて困り果てた。,生徒たちが困り果てたのはなぜですか？,時間がありすぎたから,常識的に考えて実現が難しい要求だったから,感想文の書き方がわからなかったから,紙がなかったから,2,このような要求を表す言葉として最もふさわしいのはどれですか？,ちょうどよい課題,やさしいお願い,無理難題,適切な宿題,3
w79,ともすれば,ともすれば,apt to / inclined to,abstract,⚠️,10,注意しないとついそうなりがちな、よくない傾向を表す言葉,ついつい,ついつい,往々にして,おうおうにして,🏠 日常,冬休みは<WORD>夜更かしが続いてしまうので、意識して早寝するようにした。,📰 ニュース風,便利なツールは<WORD>使いすぎてしまいがちなので、意識的に制限することが大切だ。,🌟 フィクション,フォースの暗黒面は<WORD>ジェダイを引き寄せようとするので、常に警戒が必要だった。,「ともすれば」の意味に一番近いのはどれ？,注意しないとついそうなりがちな傾向を表す言葉,絶対にそうなるという確実な予測,めったにないことを強調する言葉,相手に命令するときに使う言葉,1,,「<WORD:ともすれば>集中が切れてしまう」と先生は言った。少しでも気を抜くと、すぐに他のことを考えてしまう。だから意識して集中し続けることが大切だと教えてくれた。,先生が「ともすれば」という言葉を使ったのはなぜですか？,集中が全くできないことを表すため,ちょっとしたきっかけで集中が切れやすいことを表すため,集中が続くことを強調するため,集中が必要ないことを伝えるため,1,スマートフォンを使い始めてから、気づくとついダラダラと動画を見続けてしまう時間が増えた。「気をつけないと」と思いながらも、なかなか習慣を変えられない。,この人の状況の特徴は何ですか？,注意しないと好ましくない行動に流されやすい,意識的にスマートフォンを活用している,スマートフォンが使えなくて困っている,毎日きちんと使用時間を管理している,1,この「注意しないとそうなりがち」という傾向を表す言葉として最もふさわしいのはどれですか？,ともすれば,必ず,めったに,絶対に,1
w80,くよくよ,くよくよ,brooding / fretting,abstract,😔,10,済んでしまったことや失敗をいつまでも気にして、落ち込み続けること,ぐずぐず,ぐずぐず,めそめそ,めそめそ,🏠 日常,テストで失敗したからって<WORD>していても仕方ない、次に向けて頑張ろう。,📰 ニュース風,専門家は「失敗を<WORD>悩むより、原因を分析して次に活かすことが大切」と話す。,🌟 フィクション,ロンはクィディッチでミスをしたあと<WORD>していたが、ハーマイオニーの言葉で立ち直った。,「くよくよ」の意味に一番近いのはどれ？,やるべきことをのんびり後回しにすること,いつも明るく前向きでいること,失敗しても全く気にしないこと,済んだことをいつまでも気にして落ち込み続けること,4,,試合に負けた次の日も、次の次の日も、タケシは同じことを繰り返した。「あのパスを出していれば」「あそこで止まれば」。お父さんは言った。「過去は変わらない。前を向こう。」,タケシはどんな状態でしたか？,失敗したことをいつまでも引きずって落ち込んでいた,すぐに気持ちを切り替えていた,試合の反省をしっかりまとめていた,友達に謝り続けていた,0,発表でうまく話せなかった後、その子は給食の間もずっと下を向いて何も食べなかった。放課後になっても元気が出ず、先生に声をかけられてもうなずくだけだった。,この子の様子について最もよく当てはまることは何ですか？,発表でよい評価をもらってうれしかった,疲れて眠かった,うまくできなかったことをいつまでも引きずって落ち込んでいた,次の発表への意欲が高まっていた,3,この子の様子を表す言葉として最もふさわしいのはどれですか？,うきうきしている,いきいきしている,くよくよしている,てきぱきしている,3
w81,増幅,ぞうふく,amplification / magnification,abstract,📢,10,音や信号・感情などを、もとより大きくすること,拡大,かくだい,強化,きょうか,🏠 日常,マイクを使うと声が<WORD>されて、大きな会場でも全員に届く。,📰 ニュース風,SNSはデマを急速に<WORD>させる危険性があると専門家は指摘する。,🌟 フィクション,その魔法の鏡は持ち主の恐怖を<WORD>して見せるため、弱い人の心を壊してしまうことがあった。,「増幅」の意味に一番近いのはどれ？,音や感情などをもとより大きくすること,まったく同じにコピーすること,もとの半分に小さくすること,全部消してなくすこと,1,,マイクに向かって叫ぶと、スピーカーからさらに大きな音が返ってきた。音が<WORD:増幅>されて、会場全体に響き渡った。小さな声でも、マイク一本で大勢に届けられる。,「増幅された」とはどういうことですか？,音が消えた,音が小さくなった,音がもとより大きく強くなった,音が変な音に変わった,2,うわさが広まるにつれて、内容が少しずつ変わり、最初は小さな誤解だったものが、学校中に伝わる頃には大きな問題に見えるようになっていた。,うわさが広まる過程で何が起きましたか？,うわさの内容が正確に伝わっていった,うわさを誰かが止めた,もとは小さかった話がどんどん大きく膨らんでいった,うわさが途中で消えてしまった,3,うわさが大きくなっていく様子を表す言葉として最もふさわしいのはどれですか？,縮小された,消去された,増幅された,修正された,3
w82,快調,かいちょう,in good form / going well,abstract,🚀,10,物事が気持ちよくスムーズに進んでいること・体の調子がよいこと,好調,こうちょう,順調,じゅんちょう,🏠 日常,今日はいつもより早く起きられて、朝から勉強が<WORD>に進んだ。,📰 ニュース風,リハビリを続けた選手は「体の調子は<WORD>です」と復帰会見で笑顔を見せた。,🌟 フィクション,ハン・ソロはファルコン号のエンジンが<WORD>に動いているのを確認して、ほっとした。,「快調」の意味に一番近いのはどれ？,物事が気持ちよくスムーズに進んでいること,少しずつ遅くなっていること,突然の困難にぶつかること,完全に止まってしまうこと,1,,練習を重ねた甲斐あって、最近の練習は<WORD:快調>だった。体も動くし、ミスも少ない。コーチも「いい調子だ」と声をかけてくれた。,最近の練習の様子はどうでしたか？,怪我が続いて辛かった,練習を休みがちだった,ミスが多くて落ち込んでいた,調子よくうまく進んでいた,3,早起きして朝ごはんも食べ、準備も完璧に終わらせた。学校に着いてからも授業に集中でき、宿題も放課後すぐに終わった。,この日の様子はどのようなものですか？,すべてが順番通りにうまくいかなかった,宿題を忘れてしまった,体の調子が悪かった,起きてから帰るまで、すべてがスムーズで気持ちよく進んだ,4,この日の様子を表す言葉として最もふさわしいのはどれですか？,波乱,停滞,快調,不調,3
w83,謝罪,しゃざい,apology,abstract,🙇,10,自分がしたことの非を認めて、相手に許しを求めること,お詫び,おわび,陳謝,ちんしゃ,🏠 日常,友達のものを壊してしまい、しっかり<WORD>して許してもらった。,📰 ニュース風,企業は不正が発覚した後、記者会見を開いて正式に<WORD>した。,🌟 フィクション,スネイプは若い頃リリーを傷つけた言葉を後悔し、心の中でずっと<WORD>していた。,「謝罪」の意味に一番近いのはどれ？,何もなかったように無視すること,自分の非を認めて相手に許しを求めること,相手の非を責めること,自分は悪くないと主張すること,2,,遅刻して授業を乱してしまったヒナは、終わった後に先生のところへ行き、きちんと<WORD:謝罪>した。先生は「次から気をつければいい」と静かに言った。,ヒナが先生のところへ行ったのはなぜですか？,授業の内容を質問するため,迷惑をかけたことを詫びるため,放課後の予定を聞くため,テストの点数を確認するため,1,友達のノートに落書きしてしまったことに気づき、その日の放課後に「ごめんなさい」と伝えた。新しいノートも用意して一緒に渡した。,この行動の目的は何ですか？,自分がしたことの非を認め、相手に許しを求めるため,ノートを交換するため,友達に気を使ってもらうため,友達と仲良くなるため,1,この行動を表す言葉として最もふさわしいのはどれですか？,自慢,要求,拒否,謝罪,4
w84,華奢,きゃしゃ,slender / delicate,concrete,🌸,10,体つきや作りが細くて繊細な様子のこと,細身,ほそみ,繊細,せんさい,🏠 日常,その選手は<WORD>な体つきだが、すばやい動きで相手をかわした。,📰 ニュース風,アンティークの椅子は<WORD>な足が美しいが、乱暴に扱うと壊れてしまう。,🌟 フィクション,ハーマイオニーは<WORD>な見た目とは違い、どんな魔法使いも驚くほど強い魔力を持っていた。,「華奢」の意味に一番近いのはどれ？,体が大きくて力強い様子,古くてぼろぼろになった様子,色が鮮やかで目立つ様子,体つきや作りが細くて繊細な様子,4,,細い腕で重い荷物を持とうとするマリを見て、「大丈夫？」と声がかかった。<WORD:華奢>な体つきの彼女が、自分より重そうな荷物を運ぼうとしていたからだ。,「華奢な体つき」とはどういう体つきですか？,丸みのある体,背が高い体,がっしりと筋肉のついた体,細くてほっそりとした体,3,体育の時間、クラスで一番足が速い子は、見た目はほっそりとして小柄だった。でも走りだすと誰も追いつけなかった。,外見と運動能力の関係についてわかることは何ですか？,外見で能力が決まる,細くて小柄な見た目でも優れた能力を持てる,見た目と実力は必ず一致する,体が大きい人ほど足が速い,2,この選手の体つきを表す言葉として最もふさわしいのはどれですか？,丸みのある,華奢な,骨太の,がっしりした,2
w85,関与,かんよ,involvement / participation,abstract,🔗,10,ある物事に関わりを持ったり、直接参加・干渉したりすること,参与,さんよ,介入,かいにゅう,🏠 日常,先生は「生徒会の活動には積極的に<WORD>してほしい」と話した。,📰 ニュース風,調査の結果、その政治家が不正な取引に<WORD>していたことが明らかになった。,🌟 フィクション,ダンブルドアはハリーの運命に深く<WORD>していたが、その全貌は長年秘密にされていた。,「関与」の意味に一番近いのはどれ？,物事を完全に無視すること,人の悩みに共感すること,ある物事に関わりを持ったり参加・干渉したりすること,ものごとを一人で全部やり遂げること,3,,事件の捜査を続けるうち、意外な人物がその計画に<WORD:関与>していたことが明らかになった。直接手を下してはいないが、陰で動いていたのだ。,「関与していた」とはどういうことですか？,反対の立場だった,何らかの形でその出来事に関わっていた,偶然居合わせた,まったく知らなかった,1,調査の結果、その人物がその計画の立案段階から関わっていたことが記録に残っていた。,この人物について何がわかりましたか？,その計画の最初の段階から直接関わっていた,計画を止めようとしていた,その計画とまったく無関係だった,たまたまその場にいただけだった,1,この人物の計画への関わりを表す言葉として最もふさわしいのはどれですか？,傍観,関与,無関係,反対,2
w86,根底,こんてい,foundation / root,abstract,🌳,10,物事の一番深いところにある、基礎・根本となる考えや部分のこと,根本,こんぽん,基盤,きばん,🏠 日常,その友情の<WORD>には、お互いを信頼するという気持ちがある。,📰 ニュース風,この事件の<WORD>には、長年解決されていない格差問題があると専門家は分析した。,🌟 フィクション,ヴォルデモートの考えの<WORD>には、純血の魔法使いだけが優れているという歪んだ信念があった。,「根底」の意味に一番近いのはどれ？,表面に見えているいちばん目立つ部分,最近になって加わった新しい要素,物事の一番深いところにある基礎・根本,物事の終わりや結末,3,,先生は言った。「争いの<WORD:根底>には、必ず誰かの恐れや不安がある。表面だけ見ていても解決しない。」ハリーは初めてヴォルデモートの心を理解しかけた気がした。,「根底には恐れがある」とはどういう意味ですか？,争いの一番深い原因に恐れがあるということ,争いは恐れを生み出すということ,争いと恐れは無関係ということ,恐れがあれば争わないということ,0,その争いは表面上は些細な言い争いに見えたが、実は長年積み重なってきた不満や不信感が原因だった。,この争いの本当の原因はどこにありましたか？,突然の偶然の出来事,外からの口出し,長い年月の間に積み重なってきた深いところの不満や不信感,表面に見えていた言い争いの言葉,3,このような「深いところにある原因」を表す言葉として最もふさわしいのはどれですか？,先端,根底,表面,余白,2
w87,際立つ,きわだつ,stand out / be prominent,abstract,🌟,10,周りと比べて、特にはっきりと目立つこと,目立つ,めだつ,突出する,とっしゅつする,🏠 日常,彼女の絵は色使いが<WORD>っていて、展示会でひときわ注目を集めた。,📰 ニュース風,今年の新入社員の中でも、彼のプレゼン力は<WORD>って評価されている。,🌟 フィクション,フォースの使い手の中でも、ルークの成長の速さは<WORD>っていた。,「際立つ」の意味に一番近いのはどれ？,うまく隠れて見えなくなること,みんなと同じでどこにも差がないこと,だんだん目立たなくなること,周りと比べて特にはっきりと目立つこと,4,際,クラスの中で彼女の絵だけが<WORD:際立って>いた。色の使い方、構図、どれをとっても他とは違う輝きがあった。審査員は迷わず彼女の作品を選んだ。,「際立っていた」とはどういうことですか？,他と比べて特別に目立って優れていた,他と似たような作品だった,審査員に無視された,他より目立たず地味だった,0,発表会で多くの生徒が似たような絵を描く中、一人だけ全く異なる手法で表現した絵があった。見た人は皆、その作品に目を止めた。,その作品が目を止められたのはなぜですか？,下手だったから,他と比べて明らかに異なり、特に目を引いたから,大きかったから,色が派手だったから,2,この作品の特徴を表す言葉として最もふさわしいのはどれですか？,平凡な,地味な,目立たない,際立っている,4
w88,精神,せいしん,spirit / mind,abstract,🧘,10,人の心や気持ちの働き全体・また物事に取り組む気持ちの根本,心,こころ,意志,いし,🏠 日常,どんなに体がつらくても、<WORD>の強さで最後まで走り続けた。,📰 ニュース風,スポーツマン<WORD>とは、勝っても負けても相手を尊重する気持ちのことだ。,🌟 フィクション,ジェダイの修行は体だけでなく、<WORD>を鍛えることが何より重要とされていた。,「精神」の意味に一番近いのはどれ？,人の心や気持ちの働き全体・物事に向き合う心の根本,頭の中の知識や記憶,特定の技術や技の名前,体の筋肉や骨格のこと,1,,試合前夜、不安で眠れなかったリョウは、コーチの言葉を思い出した。「技術より<WORD:精神>が先だ。心が折れなければ、体は動く。」その言葉が彼を立ち上がらせた。,コーチが「精神が先だ」と言いたかったのはどういうことですか？,心の強さが体のパフォーマンスを支える,不安を感じてはいけない,試合に勝つには体力が一番,技術練習は必要ない,0,どんなに体が疲れていても、「絶対に完走する」という思いだけを胸に抱いて走り続けた。ゴールしたとき、涙が自然と流れた。,最後まで走れた理由は何ですか？,体力が十分あったから,体を超えた心の強さと目標への思いが支えていたから,休みながら走ったから,周りが応援してくれたから,2,この「心の強さ・思いの根本」を表す言葉として最もふさわしいのはどれですか？,体力,精神,知識,技術,2
w89,痛快,つうかい,exhilarating / thrilling,abstract,🎉,10,胸がすっとするような、非常に気持ちのよい様子のこと,爽快,そうかい,愉快,ゆかい,🏠 日常,長い間いじわるをしてきた相手が、先生にきっぱり注意される場面は<WORD>だった。,📰 ニュース風,弱小チームが強豪校を倒したその逆転劇は、見ていた全員が<WORD>に感じた。,🌟 フィクション,ハーマイオニーがマルフォイに一発お見舞いした場面は、読者にとって<WORD>なシーンだった。,「痛快」の意味に一番近いのはどれ？,とても悲しくて涙が止まらない様子,退屈でつまらない様子,怒りがおさえられない様子,胸がすっとするような非常に気持ちのよい様子,4,,悪役をやっつけた瞬間、観客席から歓声が上がった。主人公がスカッと問題を解決する場面は、見ていて<WORD:痛快>だった。映画館を出た子どもたちはみんな笑顔だった。,「痛快だった」とはどんな気持ちですか？,悲しくて涙が出る気持ち,難しくて頭が混乱する感じ,胸がスカッとして気持ちよい感じ,怖くて体が固まるような気持ち,2,長い間ずっと強いと言われていたチームが、試合で負けた。応援していたわけでもないのに、見ていた人たちは思わずガッツポーズをしていた。,見ていた人たちがガッツポーズをしたのはなぜですか？,思いがけない結果が胸のすくような気持ちのよさを生んだから,試合が終わったから,好きなチームが勝ったから,天気がよくなったから,1,このときの気持ちを表す言葉として最もふさわしいのはどれですか？,退屈,不安,痛快,悲痛,3
w90,崇める,あがめる,revere / worship,abstract,🙏,10,非常に尊いものとして、心から尊敬し大切にすること,尊敬する,そんけいする,敬う,うやまう,🏠 日常,その地域では、山を神聖なものとして古くから<WORD>てきた。,📰 ニュース風,多くのファンはその音楽家を<WORD>、何十年も熱心に応援し続けた。,🌟 フィクション,古代の民族はフォースを宇宙の神秘として<WORD>、それを乱す者を許さなかった。,「崇める」の意味に一番近いのはどれ？,非常に尊いものとして心から尊敬し大切にすること,ただの習慣として機械的にくり返すこと,見下して軽く扱うこと,恐れて近づかないようにすること,1,崇,古代の遺跡には、人々が<WORD:崇めて>いた神の像が残されていた。毎年祭りのたびに供物が捧げられ、人々はその像の前にひれ伏した。,人々が像の前にひれ伏したのはなぜですか？,像を売ろうとしていたから,その像を神聖なものとして深く敬っていたから,像の後ろに宝物が隠れていたから,像を怖がっていたから,1,村の人々は、長い年月をかけて伝わってきたその山を神聖なものとして扱い、許可なく入ることも、木を切ることも許さなかった。,村の人々がその山を大切にする理由は何ですか？,山が村の財産だから,山に宝が埋まっていると思っているから,山を非常に尊いものとして心から尊敬し守ってきたから,法律で守ることが義務だったから,3,このような山に対する村人の態度を表す言葉として最もふさわしいのはどれですか？,利用している,けなしている,崇めている,無視している,3
w91,象徴,しょうちょう,symbol,abstract,🕊️,10,目に見えないものや抽象的な概念を、わかりやすく表すために使われる物・記号・存在のこと,シンボル,しんぼる,表象,ひょうしょう,🏠 日常,ハトは平和の<WORD>として、世界中で広く知られている。,📰 ニュース風,その国の国旗には、自由と勇気の<WORD>として鷹の絵が描かれている。,🌟 フィクション,稲妻型の傷はハリーが生き残った証として、魔法界における勝利の<WORD>となった。,「象徴」の意味に一番近いのはどれ？,抽象的な概念をわかりやすく表すために使われる物や存在,すべての人が守るべき決まりや法律,物事の原因や理由を説明すること,直接目で見て確認できる具体的な事実,1,,ハトは平和の<WORD:象徴>として世界中で使われている。絵や旗に描かれたハトを見ると、「争わない」という意志を感じさせる。一羽の鳥が大きな意味を持つ。,ハトが「象徴」として使われるとはどういうことですか？,ハトの数が平和の程度を示すということ,ハトが戦争を止められるということ,ハトが平和を作り出すということ,ハトが平和という概念を表す印になっているということ,3,その国の国旗には、古くから伝わる鳥の絵が描かれていた。「この鳥は自由と勇気を表しています」と説明された。,この国旗の鳥の役割は何ですか？,国旗を飾るための絵に過ぎない,目に見えない「自由」や「勇気」という概念を視覚的に表している,昔の王様が好きだった鳥を描いた,実際に国に生息する鳥を記録している,2,この鳥のような役割を持つものを表す言葉として最もふさわしいのはどれですか？,文字,象徴,記号,飾り,2
w92,脱帽,だつぼう,tip one's hat / admire greatly,abstract,🎩,10,相手の実力や行動が素晴らしすぎて、心から感心・尊敬すること,敬服,けいふく,感服,かんぷく,🏠 日常,あの選手の粘り強さには本当に<WORD>だよ。普通はもう諦めているところを最後まで戦った。,📰 ニュース風,審査員は「この作品のアイデアには<WORD>するしかない」と講評で述べた。,🌟 フィクション,ヴォルデモートでさえハリーの勇気には内心<WORD>していたかもしれない、と語る魔法使いもいた。,「脱帽」の意味に一番近いのはどれ？,相手の実力が素晴らしくて心から感心・尊敬すること,自分の間違いを認めて謝ること,相手にひどいことをされて怒ること,相手の考えに全く賛成できないこと,1,,最後の演奏が終わると、会場が静まり返り、次の瞬間、割れんばかりの拍手が起きた。プロの音楽家たちも「<WORD:脱帽>だ」と言った。十二歳の演奏家が会場を圧倒した。,プロが「脱帽だ」と言ったのはどういう意味ですか？,帽子が邪魔だった,演奏が下手で呆れた,相手の実力が素晴らしすぎて素直に認めた,演奏が長すぎて疲れた,2,審査員は最終選考で残った作品を見て、「どれも甲乙つけがたいが、特にこの一作は私の想定を大きく超えていた」と述べた。,審査員がその作品についてどう感じたかがわかることは何ですか？,作品がルールに反していると気づいた,作品の完成度や発想が自分の想定をはるかに超えていると感心した,作品の技法に欠点があると感じた,その作品だけが気に入らなかった,2,このような審査員の気持ちを表す言葉として最もふさわしいのはどれですか？,失望,怒り,困惑,脱帽,4
w93,信仰,しんこう,belief,abstract,🙏,10,ある考えや存在を強く信じて行動のよりどころにすること,信念,しんねん,崇拝,すうはい,🏠 日常,祖母は神さまを＜WORD＞して毎日手を合わせる,📰 ニュース風,その地域では古くからの＜WORD:信仰＞が続いていると報じられた,ハリポタ,魔法界ではそれぞれの＜WORD＞が力の源になることもある,「信仰」の意味に一番近いのはどれ？,ある考えや存在を強く信じて行動のよりどころにすること,なんとなく好きだと感じること,人の言うことをそのまままねすること,一時的に気分で決めること,1,,ぼくの町には古いお寺がある。祖父は毎朝そこへ行き、静かに手を合わせる。それを見て、ぼくはなぜ毎日続けるのか気になった。祖父は＜WORD＞があると心が落ち着くと言った。,祖父はなぜ毎日お寺に行くのか,心が落ち着くから,友だちと会うため,運動になるから,先生に言われたから,1,ある村ではみんな同じ神さまを大切にしている。けれど一人だけその考えに疑問を持つ子がいた。その子は理由を知りたくて大人に質問した。,その子はどんな気持ちだったか,みんなと同じで安心していた,少し疑問を感じていたが従っていた,みんなの考えに全く興味がなかった,強く反対してけんかしていた,2,この場面に最も合う語はどれか,信仰,信念,崇拝,計画,1
w94,汚染,おせん,pollution,abstract,🌫️,10,よごれたものが広がって周りを悪い状態にすること,汚れ,よごれ,悪化,あっか,日常,川にごみを捨てたせいで水が汚染されてしまった,📰 ニュース風,工場の排水による海の汚染が問題になっている,スターウォーズ,帝国軍の兵器で星の自然が汚染され人々が苦しんだ,「汚染」の意味に一番近いのはどれ？,きれいなものが少しだけ変わること,よごれが広がって周りまで悪くなること,一度だけ物が壊れること,人が集まってにぎやかになること,2,,ぼくは公園で遊んでいた。近くの池の水がにごっていて魚が元気なかった。友だちがごみのせいで汚染が起きたと言った。ぼくたちはごみを拾って少しでもきれいにしようとした。,池の様子はどうなっていたか,水がとてもきれいだった,水がにごって魚が元気なかった,魚がたくさん増えていた,水がなくなっていた,2,川の水が少しずつにごり魚が減ってきた。上流で何かが流れ出しているらしい。このままだと周りの生き物にも影響が出そうだ。,この場面で起きていることとして最も近い説明はどれか,よごれたものが広がって周りを悪くしている,魚がたまたま少なくなっている,水の量が減っているだけ,人が魚を全部とった,1,この場面に最も合う語はどれか,汚染,成長,減少,修理,1
w95,土壌,どじょう,soil,concrete,🌱,10,植物が育つための土の部分,地面,じめん,大地,だいち,日常,庭の土壌がやわらかくて花がよく育つ,📰 ニュース風,農地の土壌がやせて作物の収穫量が減少している,豊臣兄弟,豊臣兄弟は戦で荒れた土地の土壌を整え民を助けた,「土壌」の意味に一番近いのはどれ？,水の中で魚がすむ場所,植物が育つもとになる土の部分,空気の流れが強い場所,石だけでできた固い地面,2,,ぼくは学校で野菜を育てている。先生が土壌が大事だと教えてくれた。ぼくたちは土をふかふかにした。すると野菜が元気に育った。,野菜が元気に育った理由は何か,水だけをたくさんあげたから,土をふかふかにしたから,毎日見ていただけだから,種を多くまいたから,2,畑の土がかたくて植物が育たなかった。そこで土をほぐして空気を入れた。すると少しずつ植物が元気になってきた。,この場面で大切なことは何か,土の状態をよくして育ちやすくすること,水をたくさんあげることだけ,日光をさえぎること,植物を引き抜くこと,1,この場面に最も合う語はどれか,土壌,気温,光,風,1
w96,暗礁,あんしょう,hidden reef,abstract,⚠️,10,見えにくい危険がひそんでいて進みにくくなること,障害,しょうがい,困難,こんなん,日常,計画が思わぬ暗礁に乗り上げて進まなくなった,📰 ニュース風,交渉は新たな暗礁にぶつかり合意が遠のいている,スターウォーズ,反乱軍の作戦は帝国の罠という暗礁に乗り上げた,「暗礁」の意味に一番近いのはどれ？,とても順調に進むこと,見えにくい問題で進まなくなること,すぐに終わること,人が多く集まること,2,,ぼくたちは文化祭の準備をしていた。みんなで話し合っていたが意見が合わなかった。そこで計画が暗礁に乗り上げた。先生が間に入って助けてくれた。,文化祭の準備はどうなったか,とても順調に進んだ,途中で問題が起きて進まなくなった,すぐに終わった,誰も参加しなかった,2,チームで新しい遊びを考えていたが途中で意見が対立した。表には出ていなかった問題が見つかり話が進まなくなった。このままだと計画が止まってしまいそうだ。,この場面の本質はどれか,見えにくい問題があり進めなくなっていること,みんなが楽しく遊んでいること,時間が足りないだけのこと,一人が強く主張していること,1,この場面に最も合う語はどれか,暗礁,成功,完成,安心,1
w97,ビオトープ,びおとーぷ,biotope,concrete,🌿,10,生き物が自然にくらせるように作られた場所,生息地,せいそくち,自然環境,しぜんかんきょう,日常,学校の庭にビオトープが作られて虫や魚が集まっている,📰 ニュース風,都市公園に新しいビオトープが整備され多様な生き物が観察できる,ハリポタ,ホグワーツの森には魔法生物のためのビオトープのような場所がある,「ビオトープ」の意味に一番近いのはどれ？,人が遊ぶための遊園地,生き物がくらしやすいように作られた場所,水がまったくない乾いた土地,建物がたくさんある都会の中心,2,,ぼくたちは学校でビオトープを見に行った。小さな池や草があり虫や魚がいた。先生がここは生き物のために作られた場所だと教えてくれた。ぼくは自然の大切さを感じた。,ビオトープはどんな場所だったか,人だけが遊ぶ場所,生き物がくらしやすいように作られた場所,とてもにぎやかな商店街,水がなく乾いた場所,2,公園に小さな池と草地があり虫や魚が増えてきた。人が手入れをしながら生き物が住みやすいようにしている。この場所では自然のつながりが保たれている。,この場面で大切なことは何か,生き物がくらしやすい場所を作り保つこと,人が遊ぶ場所を広げること,建物を増やすこと,水を全部なくすこと,1,この場面に最も合う語はどれか,ビオトープ,工場,道路,市場,1
w98,稲光,いなびかり,lightning,concrete,⚡,10,空で一瞬強く光ること,雷光,らいこう,閃光,せんこう,日常,夜に突然稲光が光ってびっくりした,📰 ニュース風,激しい雷雨の中で何度も稲光が観測された,スターウォーズ,宇宙戦の中でライトセーバーが稲光のように光った,「稲光」の意味に一番近いのはどれ？,空がずっと明るく光り続けること,空で一瞬だけ強く光ること,風が強く吹き続けること,雨が長く降り続くこと,2,,ぼくは夜に家の中にいた。外が急に明るく光った。少しあとで大きな音がした。あれは稲光だったと家族が言った。,外で何が起きたか,風が強く吹いていた,空が一瞬強く光った,雨がやんだ,星が見えた,2,夕方に空が暗くなり遠くで光が走った。すぐに大きな音が聞こえた。天気が急に荒れてきた。,この場面の光はどんなものか,空で一瞬だけ強く光る現象,長い時間続く明るい光,地面から出る光,ゆっくり広がる光,1,この場面に最も合う語はどれか,稲光,日差し,夕焼け,星空,1
w99,一件落着,いっけんらくちゃく,settled,abstract,🎉,10,問題やもめごとが終わって落ち着いた状態になること,解決,かいけつ,収束,しゅうそく,日常,けんかが話し合いでおさまり一件落着になった,📰 ニュース風,長く続いたトラブルが解決し一件落着となった,豊臣兄弟,豊臣兄弟のはたらきで争いはおさまり一件落着となった,「一件落着」の意味に一番近いのはどれ？,問題がどんどん大きくなること,問題が終わって落ち着くこと,新しい問題が始まること,誰も気にしなくなること,2,,ぼくたちはボールの取り合いでけんかになった。先生が間に入って話し合いをした。おたがいにあやまって仲直りした。これで一件落着だ。,けんかはどうなったか,もっとひどくなった,話し合いで終わった,まだ続いている,誰も来なかった,2,友だち同士のトラブルがあり話し合いが続いていた。おたがいの気持ちを伝え合い最後は納得できた。これで安心して元の生活に戻れそうだ。,この場面の本質はどれか,問題が終わり落ち着いた状態になったこと,問題がまだ続いていること,一方が勝って終わったこと,新しい問題が始まったこと,1,この場面に最も合う語はどれか,一件落着,開始,悪化,混乱,1
w100,講じる,こうじる,take measures,abstract,🛠️,10,問題を解決するために方法や対策を行うこと,対処,たいしょ,対応,たいおう,日常,テスト前に苦手なところをなくすために対策を講じた,📰 ニュース風,政府は災害に備えて新たな対策を講じると発表した,ハリポタ,ダンブルドアは危険に備えて守りの策を講じた,「講じる」の意味に一番近いのはどれ？,何もせずそのままにすること,問題を解決するために方法を行うこと,人にすべてまかせること,すぐにあきらめること,2,講じ,ぼくはテストの点が悪かった。次はよくするために勉強のやり方を考えた。毎日少しずつ練習する対策を講じた。すると点が上がった。,点が上がった理由は何か,何もしなかったから,対策を考えて続けたから,友だちに任せたから,運がよかったから,2,ある町で川の水があふれそうになった。人々は被害を防ぐためにさまざまな方法を考えた。準備をして危険にそなえた。,この場面で人々がしていることは何か,問題を防ぐために方法を行っている,ただ様子を見ているだけ,何も考えずに行動している,危険を大きくしている,1,この場面に最も合う語はどれか,講じる,放置,無視,停止,1
w101,再興,さいこう,revival,abstract,🏗️,10,いちどおとろえたものをもう一度もり上げて元気にすること,復活,ふっかつ,再建,さいけん,日常,つぶれかけた店を家族で立て直し再興した,📰 ニュース風,被災地の産業を再興するための支援が進められている,豊臣兄弟,豊臣兄弟は荒れた町を再興し人々の暮らしを取り戻した,「再興」の意味に一番近いのはどれ？,新しく何かを始めること,いちど弱ったものをもう一度元気にすること,ずっと同じ状態を保つこと,急に終わらせること,2,,ぼくの町の古い商店街は人が少なくなっていた。みんなでイベントを開いてにぎわいを取り戻そうとした。少しずつお店に人が戻ってきた。町は再興に向かっている。,町はどうなってきたか,さらにさびれてきた,人が戻って元気になってきた,まったく変わらない,すぐに全部なくなった,2,長い間使われていなかった公園があった。地域の人たちが集まり掃除や修理を続けた。子どもたちの声が戻りまたにぎやかになった。,この場面の本質はどれか,弱っていたものをもう一度元気にしていること,新しく場所を作っていること,何もせずに様子を見ること,人が減り続けていること,1,この場面に最も合う語はどれか,再興,停止,崩壊,維持,1
w102,隆起,りゅうき,uplift,concrete,🌋,10,地面が上に持ち上がって高くなること,上昇,じょうしょう,盛り上がり,もりあがり,日常,地震のあとで地面が隆起して少し高くなった,📰 ニュース風,プレートの動きによる地面の隆起が観測された,スターウォーズ,惑星の表面が力で隆起し地形が変わった,「隆起」の意味に一番近いのはどれ？,地面が下に沈むこと,地面が上に持ち上がること,水が流れ続けること,空気が動くこと,2,,ぼくは海の近くを歩いていた。地震のあとで地面が少し高くなっていた。前よりも段差ができていた。これが隆起だと教わった。,地面はどうなっていたか,低くなっていた,高くなっていた,水におおわれていた,平らのままだった,2,山の近くで地面が押されて少しずつ高くなってきた。時間がたつと形が変わっていく。地形の変化が見られる。,この場面の本質はどれか,地面が上に持ち上がっていること,水が流れていること,風が強く吹いていること,人が集まっていること,1,この場面に最も合う語はどれか,隆起,沈下,移動,停止,1
w103,丘陵,きゅうりょう,hills,concrete,⛰️,10,ゆるやかな高低が続く小さな山や丘の地形,丘,おか,高地,こうち,日常,遠足で丘陵地を歩くとゆるい坂が続いていた,📰 ニュース風,郊外の丘陵地に住宅開発が進んでいる,スターウォーズ,惑星の丘陵には反乱軍の基地がひそんでいた,「丘陵」の意味に一番近いのはどれ？,とても高い山が一つだけある場所,平らでまったく高低がない場所,ゆるい起伏が続く土地のこと,水の中にある深い場所,3,,ぼくたちは遠足で丘陵を歩いた。上ったり下ったりが続いた。高すぎないので歩きやすかった。景色もきれいだった。,歩いた場所はどんな地形だったか,とても高い山だった,平らな道だけだった,ゆるい坂が続く場所だった,水の中だった,3,ある地域では地面がなだらかに上がったり下がったりしている。急な山ではないが高さの変化が続く。人々はその地形を利用して生活している。,この場面の本質はどれか,ゆるやかな高低が続く地形であること,とても高い山であること,完全に平らな土地であること,水の中の地形であること,1,この場面に最も合う語はどれか,丘陵,平野,深海,砂漠,1
w104,濁流,だくりゅう,muddy torrent,concrete,🌊,10,土やごみをふくんでにごりながら強く流れる水,激流,げきりゅう,洪水,こうずい,日常,大雨のあと川が濁流になって流れていた,📰 ニュース風,豪雨により山から濁流が発生し下流に被害が出た,ハリポタ,森の川が濁流となり魔法生物も近づけなかった,「濁流」の意味に一番近いのはどれ？,きれいでゆっくり流れる水,にごって強く流れる水,水がまったく流れないこと,少しだけ動く水,2,,ぼくは雨のあと川を見に行った。水は茶色くにごっていた。流れもとても速かった。これが濁流だとわかった。,川の水はどうなっていたか,きれいで静かだった,にごって速く流れていた,水が止まっていた,少しだけ動いていた,2,山で大雨が降ったあと土や石が川に流れこんだ。水はにごり勢いよく流れている。近くにいると危険な状態だ。,この場面の本質はどれか,にごった水が強く流れていること,水が止まっていること,空気が動いていること,地面が乾いていること,1,この場面に最も合う語はどれか,濁流,清流,小川,池,1
w105,干満,かんまん,tide,concrete,🌊,10,海の水が増えたり減ったりすること,潮の満ち引き,しおのみちひき,水位変化,すいいへんか,日常,海で遊んでいると干満で水の高さが変わった,📰 ニュース風,港では干満の影響で船の出入りの時間が変わる,スターウォーズ,惑星の海でも干満の変化が大きく航行に影響した,「干満」の意味に一番近いのはどれ？,水がずっと同じ高さであること,海の水が増えたり減ったりすること,水が一度だけ大きく動くこと,川がまったく流れないこと,2,,ぼくは海辺で遊んでいた。さっきまで水があった場所がだんだん見えてきた。しばらくするとまた水が戻ってきた。これが干満だと知った。,海の水はどうなっていたか,ずっと同じ高さだった,増えたり減ったりしていた,一度だけ動いた,まったく動かなかった,2,港で船を出す時間を決めるとき水の高さを見ていた。時間がたつと水が増えたり減ったりする。この変化を考えて行動している。,この場面の本質はどれか,水の高さが増えたり減ったりすること,水が止まっていること,風が強く吹くこと,魚が増えること,1,この場面に最も合う語はどれか,干満,高潮,洪水,波,1
w106,濃霧,のうむ,thick fog,concrete,🌫️,10,こい霧でまわりが見えにくくなること,霧,きり,もや,もや,日常,朝に濃霧で前が見えにくくて学校に行くのが大変だった,📰 ニュース風,濃霧の影響で空港の発着に遅れが出ている,ハリポタ,ホグワーツの森は濃霧に包まれ進むのがこわかった,「濃霧」の意味に一番近いのはどれ？,空気がとてもきれいで遠くまで見えること,こい霧で周りが見えにくくなること,強い風が吹いていること,空が明るく晴れていること,2,,ぼくは朝早く外に出た。まわりが白くて遠くが見えなかった。車もゆっくり動いていた。これが濃霧だとわかった。,外の様子はどうだったか,遠くまでよく見えた,白くて見えにくかった,とても暑かった,風が強かった,2,山道を歩いていると白い空気に包まれて先が見えなくなった。近くの木しか見えず進むのが不安になった。このままだと道に迷いそうだ。,この場面の本質はどれか,霧がこくて見えにくくなっていること,風が強くて進めないこと,雨が強く降っていること,道がなくなっていること,1,この場面に最も合う語はどれか,濃霧,晴天,強風,大雨,1
w107,還元,かんげん,return,abstract,🔁,10,もとの状態に近づくように戻したり価値を差し戻したりすること,返還,へんかん,回復,かいふく,日常,ポイントを使って代金が還元されて少し安くなった,📰 ニュース風,税の一部を国民に還元する方針が発表された,Phineas and Ferb,フィニアスたちはエネルギーを還元して街の装置を元にもどした,「還元」の意味に一番近いのはどれ？,新しく作り出すこと,もとの状態に近づくように戻したり返したりすること,そのまま変えずに保つこと,すべてをなくすこと,2,,ぼくはお店で買い物をした。あとでポイントがついて代金が一部還元された。次の買い物でその分安くなった。少し得した気分だった。,ぼくはどうなったか,お金を全部なくした,一部のお金が戻ってきた,値段が上がった,何も変わらなかった,2,町で集めたお金を使い道を考えて住民に戻すことになった。集めた分の一部がそれぞれに配られる。このしくみで負担が軽くなる。,この場面の本質はどれか,集めたものをもとに戻すように配ること,新しいお金を作ること,何もせずためておくこと,すべてを使い切ること,1,この場面に最も合う語はどれか,還元,増加,維持,破壊,1
w108,酵素,こうそ,enzyme,concrete,🧪,10,体の中で食べ物を分けたり変えたりするはたらきを助けるもの,消化酵素,しょうかこうそ,たんぱく質,たんぱくしつ,日常,ごはんを食べたあと体の中で酵素がはたらいて消化が進む,📰 ニュース風,新しい酵素の研究で食品の加工効率が向上した,Phineas and Ferb,フィニアスたちは酵素の力でジュースをすばやく作った,「酵素」の意味に一番近いのはどれ？,体の外で光を出すもの,体の中で食べ物を変えるはたらきを助けるもの,空気を動かす力,水を固めるもの,2,,ぼくは理科の授業で酵素を学んだ。体の中で食べ物が分けられると聞いておどろいた。先生は酵素がそれを助けると説明した。ぼくは体の中のしくみを知って面白いと思った。,酵素は何をするか,体の外で光る,食べ物を変えるのを助ける,水を作る,空気を動かす,2,食べたものが体の中で小さく分けられていく。見えないはたらきがその変化を速くしている。このおかげで体は栄養を取りこめる。,この場面の本質はどれか,食べ物の変化を助けて体に取りこみやすくしていること,食べ物を外に出していること,体を冷やしていること,空気を増やしていること,1,この場面に最も合う語はどれか,酵素,骨,血液,皮ふ,1
w109,過程,かてい,process,abstract,🛤️,10,物事が結果にたどり着くまでの道すじや途中の段階のこと,経過,けいか,手順,てじゅん,日常,工作は完成品だけでなく、作る過程を写真に残すとあとで説明しやすい。,📰 ニュース風,研究チームは、薬が完成するまでの過程を公開し、安全性を説明しました。,Phineas and Ferb,フィニアスは巨大ジェットコースターを作る過程まで楽しみ、ファーブと部品を並べた。,「過程」の意味に一番近いのはどれ？,結果にたどり着くまでの道すじや途中の段階のこと,最後に出た答えや完成したもののこと,何も考えずにすぐ行動すること,物事を忘れないように暗記すること,1,,理科の実験で、[プレイヤー名]は結果だけを書こうとした。先生は、混ぜた順番や変化した様子も大事だと言った。[プレイヤー名]は実験の過程をノートにくわしく書いた。あとで見直すと、なぜその結果になったのかがわかった。,[プレイヤー名]がノートにくわしく書いたのはなぜですか？,結果を早く忘れるため,実験で使った道具を片づけるため,結果までの流れをあとで確かめるため,先生に文字のきれいさをほめられるため,3,班でロボットを作った。最初は車輪がうまく回らず、次に重さを変え、最後に電池の位置を直したら動いた。完成したロボットだけを見ると簡単そうだが、そこまでにはいくつもの工夫があった。,この場面で大切に見るべきことは何ですか？,完成品の色がきれいかどうかだけを見ること,最初から最後まで一度も失敗しなかったこと,だれが一番目立ったかを決めること,結果に至るまでの道すじや途中の工夫を見ること,4,この場面に最も合う語はどれか,過程,結果,手順,偶然,1
w110,師事,しじ,study under,abstract,🧑‍🏫,10,尊敬する先生や専門家について学び、その教えを受けること,学ぶ,まなぶ,教わる,おそわる,日常,姉は絵が上手な先生に師事して、毎週デッサンを習っている。,📰 ニュース風,若い研究者は有名な教授に師事し、新しい治療法の研究を進めました。,スターウォーズ,ルークはヨーダに師事して、フォースの使い方を深く学んだ。,「師事」の意味に一番近いのはどれ？,尊敬する先生について教えを受けながら学ぶこと,友達と同じ場所で楽しく遊ぶこと,自分だけで考えて何も教わらないこと,先生に仕事を代わりにやってもらうこと,1,師事,真央はピアノがもっと上手になりたかった。母に紹介された先生は、音の出し方まで細かく教えてくれた。真央はその先生に師事し、毎日少しずつ練習した。発表会では前より落ち着いて弾けた。,真央が発表会で前より落ち着いて弾けた理由は何ですか？,新しい服を着たから,先生の教えを受けて練習を続けたから,友達が代わりに弾いたから,ピアノをやめたから,2,健太は将棋を強くなりたいと思った。そこで、町の大会で何度も優勝している先生の教室に通い始めた。先生の考え方を聞き、同じ局面でどう考えるかを何度も学んだ。,健太の学び方として最も合うものは何ですか？,有名な人に近づくだけで満足している,尊敬する人から教えを受けて深く学んでいる,勝てるまで相手を責め続けている,本を一冊読んだだけで終わっている,2,この場面に最も合う語はどれか,独学,練習,師事,観察,3
w111,伝授,でんじゅ,pass down,abstract,🥋,10,技や知識を身につけた人が、相手に教えて受けつがせること,秘伝,ひでん,指導,しどう,日常,祖母はおいしいみそ汁の作り方を私に伝授してくれた。,📰 ニュース風,地元の職人が小学生に伝統工芸の技を伝授する教室が開かれました。,ハリポタ,ハーマイオニーは呪文のコツをロンに伝授し、杖の振り方を何度も見せた。,「伝授」の意味に一番近いのはどれ？,身につけた技や知識を相手に教えて受けつがせること,だれにも教えず自分だけでしまっておくこと,相手の話を聞かずに勝手に決めること,古い道具を新しい物に買いかえること,1,伝授,おじいちゃんはこま回しがとても上手だった。休みの日に、ひもの巻き方と投げる角度を健太に伝授した。健太は何度も失敗したが、教わった通りに練習した。夕方にはこまが長く回るようになった。,健太がこまを長く回せるようになった理由は何ですか？,こまを新しく買ったから,友達に見せるだけで終わったから,教わったコツを使って練習したから,ひもをなくしたから,3,美咲の家には古くから続く和菓子の作り方があった。母は火加減や形を整える手つきを見せながら、美咲に少しずつ教えた。美咲はただ聞くだけでなく、同じ動きを何度もまねして覚えていった。,この場面で母がしていることは何ですか？,作り方を自分だけの秘密にしている,道具をしまう場所だけを教えている,身につけた技を相手に教えて受けつがせている,できあがったお菓子を買ってきている,3,この場面に最も合う語はどれか,保存,説明,練習,伝授,4
w112,見識,けんしき,insight,abstract,🧠,10,深い知識とよい判断力で、物事を正しく見分ける力のこと,判断力,はんだんりょく,知見,ちけん,日常,先生は広い見識をもとに、クラスで起きた問題の原因を考えた。,📰 ニュース風,専門家は防災への見識を生かし、地域に合った避難計画を提案しました。,豊臣兄弟,秀吉は多くの人の話を聞き、広い見識で城づくりの進め方を決めた。,「見識」の意味に一番近いのはどれ？,深い知識とよい判断力で物事を見分ける力のこと,相手より大きな声で意見を言うこと,たくさんの物をすばやく運ぶ力のこと,何も考えずにその場で決めること,1,,学級会で遠足の行き先を決めることになった。健太は楽しさだけでなく、安全や移動時間も考えた。先生は健太の見識ある意見をほめた。みんなもその意見を聞いて話し合いを進めた。,みんなが健太の意見を聞いて話し合いを進めたのはなぜですか？,健太が一番大きな声で話したから,安全や時間まで考えた意見だったから,健太が遠足に行きたくなかったから,先生が話し合いをやめたから,2,委員会で新しいルールを決めることになった。ある子は便利さだけを見て賛成したが、別の子は低学年にも分かるか、守れない子が出ないかまで考えた。その意見を聞いて、みんなはルールの直し方を考え直した。,この場面で大切だと分かる力は何ですか？,すぐに多数決で決めてしまう力,自分の好ききらいだけを強く言う力,知識を使って広い視点からよく判断する力,細かい文字を早く書き写す力,3,この場面に最も合う語はどれか,知識,見識,経験,思いつき,2
w113,賛美,さんび,praise,abstract,👏,10,人や物のすばらしさを心からほめたたえること,称賛,しょうさん,感嘆,かんたん,日常,友達は[プレイヤー名]の発表を賛美し、努力が伝わったと言った。,📰 ニュース風,地域の人々は、長年清掃を続けた団体の活動を賛美しました。,ハリポタ,ホグワーツの生徒たちは、勇気を見せたハリーの行動を賛美した。,「賛美」の意味に一番近いのはどれ？,すばらしさを心からほめたたえること,失敗を見つけて強く責めること,相手の話を聞かずに決めること,物を順番にきれいに並べること,1,賛美,音楽会で、六年生の合唱はとても美しかった。聞いていた人たちは大きな拍手をした。先生は、その歌声を賛美した。六年生は照れながらもうれしそうだった。,六年生がうれしそうだったのはなぜですか？,歌う時間が短かったから,歌声をすばらしいと認めてもらえたから,先生に注意されたから,楽譜をなくしたから,2,公園の花だんを毎日世話している人がいた。雨の日も水やりを続け、春には色とりどりの花が咲いた。町の人たちは、その努力と美しい花を見て、心からほめたたえた。,町の人たちは何をしていると言えますか？,相手の欠点だけを探している,きれいな花を勝手に持ち帰っている,すばらしさや努力を心からほめたたえている,花が咲いた理由を全く考えていない,3,この場面に最も合う語はどれか,批判,感心,賛美,観察,3
w114,殺風景,さっぷうけい,plain,abstract,🏚️,10,場所や景色に飾りや温かみがなく、さびしく感じられる様子,寂しい,さびしい,味気ない,あじけない,日常,引っこしたばかりの部屋は家具が少なくて殺風景だった。,📰 ニュース風,新しい駅前広場は便利ですが、緑が少なく殺風景だという声も出ています。,スターウォーズ,帝国軍の基地は灰色の壁ばかりで、ルークには殺風景に見えた。,「殺風景」の意味に一番近いのはどれ？,飾りや温かみがなく、さびしく感じられる様子,色や物が多く、とてもにぎやかな様子,人がたくさん集まって楽しく話す様子,物事がすばやく進んでいる様子,1,,新しい教室に入ると、机といすだけが並んでいた。壁には掲示物も絵もなかった。[プレイヤー名]は少し殺風景だと感じた。そこで、みんなで係のポスターを作って貼ることにした。,[プレイヤー名]たちはなぜポスターを貼ることにしたのですか？,教室を少し明るく楽しい感じにしたかったから,机を全部外に出したかったから,授業を早く終わらせたかったから,先生に静かにするよう注意されたから,1,図書室の横に新しい休けいスペースができた。けれど、白い壁と長いベンチだけで、植物も本の紹介カードもなかった。使える場所ではあるが、そこに長くいたいとはあまり思えなかった。,この場所について最も合う説明はどれですか？,新しく作られたので必ず人気が出る場所,静かなので勉強には全く向かない場所,物が少なくて安全だけは守られている場所,飾りや温かみが少なく、さびしく感じる場所,4,この場面に最も合う語はどれか,殺風景,質素,寂しい,豪華,1
w115,相変わらず,あいかわらず,as usual,abstract,🔁,10,前と同じようすが今も続いていること。,いつも通り,いつもどおり,そのまま,そのまま,日常,弟は相変わらず朝から元気に歌っている。,📰 ニュース風,商店街では相変わらず多くの人が買い物を楽しんでいます。,Phineas and Ferb,フィニアスは相変わらず庭で大きな発明を始めた。,「相変わらず」の意味に一番近いのはどれ？,前と同じようすが今も続いていること,急に別のようすに変わること,少しだけきれいに見えること,人の気持ちを明るくすること,1,,朝、ゆうとは相変わらずランドセルをぎりぎりに準備した。妹は先にくつをはいて待っていた。母は時計を見て笑った。ゆうとはあわてて家を出た。,妹は何をしていた？,先にくつをはいて待っていた,ランドセルを学校に忘れた,母といっしょに買い物へ行った,ゆうとの宿題を手伝った,1,クラス替えのあとも、はるとは相変わらず休み時間になると図書室へ行った。新しい友達にさそわれても、まず本の続きを読んでから遊びに行った。,この場面で、はるとのようすから分かることは何ですか？,前からの行動や好みが今も続いている,友達に言われたから仕方なく動いている,新しい場所がこわくて何もできない,本を読むことを急にやめようとしている,1,この場面に最も合う語はどれか,相変わらず,いつも通り,変わらず,突然,1
w116,愛嬌,あいきょう,charm,abstract,😊,10,人に親しみを感じさせるかわいらしさや明るさ。,親しみ,したしみ,かわいらしさ,かわいらしさ,日常,妹の愛嬌のある返事で家族が笑顔になった。,📰 ニュース風,新しい駅員の愛嬌のある案内が利用者に好評です。,ハリポタ,ロンの愛嬌のある失敗にハリーたちは思わず笑った。,「愛嬌」の意味に一番近いのはどれ？,きびしく命令して人を動かす力,人に親しみを感じさせる明るいかわいらしさ,自分の考えを最後まで変えない強さ,前と同じようすが続くこと,2,,転校生のりなは自己紹介で少しつまずいた。でもすぐににこっと笑って、よろしくと言った。その愛嬌で教室の空気がやわらいだ。休み時間には何人も話しかけてきた。,教室の空気がやわらいだのはなぜ？,りなが大声で命令したから,りながにこっと笑って親しみやすかったから,先生がテストをやめたから,みんなが外へ出たから,2,発表会で、まいは言いまちがえたあと、照れながら笑って言い直した。見ていた人たちは責める気持ちにならず、むしろ応援したくなった。,この場面で、まいのようすから伝わることは何ですか？,失敗しても人に親しみを感じさせる明るさがある,まちがいを人のせいにしている,何も考えずにふざけている,強い力で相手をこわがらせている,2,この場面に最も合う語はどれか,親切,愛嬌,人気,無口,2
w117,愛想,あいそ,friendliness,abstract,🙂,10,人に気持ちよく接するための表情や態度。,人当たり,ひとあたり,親切,しんせつ,日常,店員さんは愛想よくあいさつしてくれた。,📰 ニュース風,観光案内所では愛想のよい対応が外国人旅行者に喜ばれています。,豊臣兄弟,秀吉は愛想よく武将たちに声をかけて味方を増やした。,「愛想」の意味に一番近いのはどれ？,人に気持ちよく接するための表情や態度,長く使った物を大切に思う気持ち,前と同じようすが続いていること,本当は楽しくないのに笑うこと,1,,商店街で、そうたはパン屋さんに入った。店員さんは愛想よくいらっしゃいませと言った。そうたは安心して好きなパンを選んだ。帰る時も店員さんは笑顔だった。,そうたが安心した理由は何ですか？,店員さんが気持ちよく声をかけてくれたから,パンがすべて無料だったから,店が暗くて静かだったから,友達が先に買っていたから,1,初めて行く図書館で、受付の人は目を見てあいさつし、分からない場所をていねいに教えてくれた。そのおかげで、ゆいはまた来たいと思った。,この場面で、受付の人の接し方として最も大切なのは何ですか？,相手が気持ちよく過ごせるような表情や態度で接すること,自分の話だけを長く続けること,早く帰るように合図すること,ルールを一つも守らせないこと,3,この場面に最も合う語はどれか,親切,笑顔,愛想,沈黙,3
w118,愛想笑い,あいそわらい,forced smile,abstract,😅,10,本当は楽しくなくても相手に合わせて笑うこと。,作り笑い,つくりわらい,苦笑い,にがわらい,日常,先生の冗談が分からず、ぼくは愛想笑いをした。,📰 ニュース風,会見では記者の質問に対し、選手が愛想笑いを見せる場面もありました。,スターウォーズ,C-3POはベイダーの前でこわばった愛想笑いをうかべた。,「愛想笑い」の意味に一番近いのはどれ？,本当に楽しくて大きな声で笑うこと,相手を安心させるためにていねいに話すこと,人に好かれる明るいかわいらしさ,本当は楽しくなくても相手に合わせて笑うこと,4,笑,昼休み、友達がむずかしい冗談を言った。けんは意味がよく分からなかった。でも場の空気をこわしたくなくて、愛想笑いをした。あとで別の友達に意味を聞いた。,けんはなぜ笑った？,冗談の意味がとてもよく分かったから,場の空気をこわしたくなかったから,先生にほめられたから,家に早く帰りたかったから,2,親せきの集まりで、大人たちの話が長く続いた。みおは内容が分からなかったが、話している人をいやな気持ちにさせないように、口元だけで笑った。,この場面で、みおがしていることの本質は何ですか？,心から楽しい気持ちを大きく表している,話の内容を全部理解している,相手に合わせるために本心とは違う表情を作っている,その場からすぐ逃げようとしている,3,この場面に最も合う語はどれか,愛嬌,微笑み,愛想笑い,大笑い,3
w119,愛着,あいちゃく,attachment,abstract,💗,10,長く関わったものや人を大切に思って離れがたく感じること。,思い入れ,おもいいれ,親しみ,したしみ,日常,小さいころから使っている毛布に愛着がある。,📰 ニュース風,住民は古い駅舎への愛着から保存を求めています。,Phineas and Ferb,キャンディスは弟たちの発明に文句を言いながらも、少し愛着を感じていた。,「愛着」の意味に一番近いのはどれ？,長く関わったものを大切に思い離れがたく感じること,相手に合わせて本心と違う笑顔を作ること,人に気持ちよく接するための態度,急にいやになってすぐ捨てたくなること,1,,あやは古い筆箱を三年使っていた。角は少しすり切れている。でも友達から新しい筆箱をすすめられても、あやは愛着があるからまだ使うと言った。筆箱には思い出のシールも貼ってあった。,あやが古い筆箱を使い続けたい理由は何ですか？,高い値段で売れるから,先生にそう命令されたから,長く使って大切に思っているから,友達が同じ物を持っているから,3,引っこしの日、たくみは古い家の柱についた背くらべの線を見つめていた。新しい家は楽しみだが、この家で過ごした時間を思うと、すぐには離れたくなかった。,この場面で、たくみの気持ちとして最も近いのは何ですか？,長く関わった場所を大切に思い離れがたく感じている,新しい家がいやで怒っている,柱の線を消したいと思っている,友達に勝ちたいと思っている,4,この場面に最も合う語はどれか,思い出,親切,未練,愛着,4
w120,愛くるしい,あいくるしい,adorable,abstract,🥰,10,見ている人が思わずかわいいと感じるほど愛らしいようす。,かわいい,かわいい,愛らしい,あいらしい,日常,妹の愛くるしい笑顔を見て家族みんなが笑った。,📰 ニュース風,動物園で生まれた赤ちゃんパンダの愛くるしい姿が話題になっています。,Phineas and Ferb,ペリーは何も言わないのに愛くるしい目でフィニアスたちを見上げた。,「愛くるしい」の意味に一番近いのはどれ？,見ている人が思わずかわいいと感じるほど愛らしいようす,人に気持ちよく接するための態度,長く関わったものを大切に思う気持ち,本当は楽しくなくても相手に合わせて笑うこと,1,愛くるし,公園で小さな子犬がころころ走っていた。転んでもすぐに立ち上がり、しっぽをふった。その愛くるしい姿に、通りかかった人たちは笑顔になった。みなはそっとしゃがんで見守った。,通りかかった人たちはなぜ笑顔になった？,子犬がとても強そうだったから,子犬の姿がかわいらしく心を引かれたから,みなが大声で命令したから,公園で雨が降り始めたから,2,弟はまだ字をうまく書けない。でも一生けんめいに手紙を書き、最後に小さな絵をそえた。少しゆがんだ文字と得意そうな顔を見て、家族は思わず笑顔になった。,この場面で、家族が感じたことに一番近いのは何ですか？,きちんと正しく書けていてすごい,見ていて心が引かれるほどかわいらしい,大人のように落ち着いている,早く終わらせたので助かった,2,この場面に最も合う語はどれか,親切,愛くるしい,幼い,冷たい,2
w121,あいまい,あいまい,vague,abstract,🌫️,10,はっきり決まっておらず、分かりにくいようす。,ぼんやり,ぼんやり,不確か,ふたしか,日常,友達の説明があいまいで、集合場所が分からなかった。,📰 ニュース風,市はあいまいだった案内表示を見直す方針です。,ハリポタ,ハーマイオニーはあいまいな呪文の説明に首をかしげた。,「あいまい」の意味に一番近いのはどれ？,はっきり決まっておらず分かりにくいようす,とても元気で明るいようす,長く関わったものを大切に思うこと,相手に合わせて笑うこと,1,,先生が持ち物を聞くと、係の子はたぶん色えんぴつか何かですと答えた。説明があいまいだったので、みんなは何を持ってくればよいか迷った。先生はもう一度確認することにした。,みんなが迷ったのはなぜ？,説明がはっきりしていなかったから,持ち物が多すぎたから,係の子が休んだから,先生が何も聞かなかったから,1,班でポスターを作る時、リーダーはきれいな感じにしてと言っただけだった。文字の大きさも色も決まっていなかったので、メンバーはそれぞれ別の作り方を始めてしまった。,この場面で問題になっていることは何ですか？,決まり方がはっきりせず人によって受け取り方が変わること,みんなが同じ道具を使っていること,リーダーが一人で全部作っていること,ポスターを作る時間が長すぎること,3,この場面に最も合う語はどれか,不安,あいまい,自由,正確,2
w122,愛にく,あいにく,unfortunately,abstract,☔,10,期待どおりにならず残念に思うようす。,残念,ざんねん,都合悪く,つごうわるく,日常,遠足の日は愛にくの雨で、体育館で遊ぶことになった。,📰 ニュース風,花火大会は愛にくの強風により開始が遅れました。,豊臣兄弟,秀長は愛にく米が足りぬと知り、急いで手配を考えた。,「愛にく」の意味に一番近いのはどれ？,思っていた通りになってうれしいようす,期待どおりにならず残念に思うようす,人に親しみを感じさせるかわいらしさ,はっきり決まっておらず分かりにくいようす,2,,日曜日、家族で公園へ行く予定だった。ところが朝から愛にくの雨が降った。外では遊べなかったが、家でカードゲームをすることにした。少し残念だったけれど楽しい時間になった。,家族はなぜ公園へ行かなかった？,朝から雨が降っていたから,カードゲームをなくしたから,公園が遠すぎたから,宿題が終わらなかったから,1,楽しみにしていた音楽会の日、ゆなは朝からのどが痛かった。歌う順番は回ってきたが、いつもの声が出せず、先生に小さな声で参加したいと伝えた。,この場面で、ゆなが感じていることに一番近いのは何ですか？,望んでいた通りにいかず残念に思っている,みんなを笑わせようとしている,何も決めずに迷っている,古い物を大切に思っている,4,この場面に最も合う語はどれか,幸運,突然,愛にく,平気,3
w123,あえぐ,あえぐ,gasp,abstract,😮‍💨,10,苦しくて強く息をしながら何とか動くこと。,苦しむ,くるしむ,もがく,もがく,日常,弟は坂道を走ったあとであえいでいた。,📰 ニュース風,登山中に体調をくずし山道であえぐ人がいた。,スターウォーズ,ダース・ベイダーの前で兵士は緊張してあえいだ。,“あえぐ”の意味に一番近いのはどれ？,苦しくても必死に動こうとすること,楽しく歌いながら歩くこと,静かに本を読み続けること,周りに命令を出し続けること,1,あえ,ゆうたは運動会のリレーで全力で走った。ゴールしたあと地面に座ってあえいでいた。友達が水を持ってきてくれた。ゆうたは少し休んでまた元気になった。,ゆうたはなぜ地面に座っていたか,走ってつかれていたから,本を読んでいたから,先生にしかられたから,道に迷ったから,1,山道を急いで登ったたけしは途中であえいだ。それでも友達に遅れないよう前に進んだ。冷たい水を飲むと少し楽になった。,たけしはどんな状態だったか,苦しくても動こうとしていた,景色を楽しみながら歩いていた,周りに大声で命令していた,だれかにかくれていた,1,この場面に最も合う語はどれか,迷う,あえぐ,休む,笑う,2
w124,あおる,あおる,fan,abstract,🌬️,10,気持ちや動きを強くなるようにしむけること。,刺激する,しげきする,急がせる,いそがせる,日常,兄は火を早く強くするためにうちわであおった。,📰 ニュース風,SNSの言葉が不安をあおるとして問題になった。,Phineas and Ferb,フィニアスは大発明の計画でみんなの気持ちをあおった。,“あおる”の意味に一番近いのはどれ？,気持ちや動きをもっと強くすること,静かに気持ちを落ち着かせること,遠くでじっと様子を見ること,何も言わずに帰ること,1,あお,理科の実験で火を使った。先生は空気を送ると火が強くなるのであおぎすぎないように言った。けんとは少しだけうちわを動かした。火はちょうどよい大きさになった。,先生はなぜあおぎすぎないように言ったか,火が強くなりすぎるから,教室を暗くしたいから,水をこぼしたくないから,実験を終わらせたいから,1,クラスで試合前の話し合いがあった。キャプテンはみんなに声をかけて気持ちをあおった。そのあとチームはいつもより元気に動き始めた。,キャプテンは何をしたか,みんなの気持ちを強くした,一人で静かに考えていた,試合をやめるように言った,教室を掃除していた,1,この場面に最も合う語はどれか,励ます,支える,あおる,休ませる,3
w125,あおりたてる,あおりたてる,incite,abstract,📣,10,相手の気持ちを必要以上に強くして動かそうとすること。,けしかける,けしかける,刺激する,しげきする,日常,けんかをあおりたてるような言葉はやめようと先生が言った。,📰 ニュース風,強い表現で不安をあおりたてる記事が問題になった。,豊臣兄弟,戦の前に家臣をあおりたてる声が城にひびいた。,“あおりたてる”の意味に一番近いのはどれ？,相手の気持ちを強くして動かそうとすること,静かに話を聞いて助けること,ゆっくり休んで体をなおすこと,順番を守って待つこと,1,あおりたて,休み時間に二人が言い争いをしていた。まわりの子が面白がってあおりたてたので声がどんどん大きくなった。先生が来てみんなを落ち着かせた。,声が大きくなった理由は何か,まわりが気持ちを強くしたから,急に雨が降ったから,授業が始まったから,だれかが泣いたから,1,ネットでうわさが広がった。ある人はわざと強い言葉を使ってみんなをあおりたてた。その結果、多くの人が冷静さを失った。,その人は何をしていたか,みんなの気持ちを必要以上に強くしていた,静かに見守っていた,みんなを安心させていた,一人で読書していた,1,この場面に最も合う語はどれか,励ます,あおりたてる,注意する,見守る,2
